Date,Year,Quarter,Month,MonthName,MonthYear,Day,Weekday,IsWeekend
2011-01-01,2011,2011Q1,1,January,Jan 2011,1,Saturday,True
2011-01-02,2011,2011Q1,1,January,Jan 2011,2,Sunday,True
2011-01-03,2011,2011Q1,1,January,Jan 2011,3,Monday,False
2011-01-04,2011,2011Q1,1,January,Jan 2011,4,Tuesday,False
2011-01-05,2011,2011Q1,1,January,Jan 2011,5,Wednesday,False
2011-01-06,2011,2011Q1,1,January,Jan 2011,6,Thursday,False
2011-01-07,2011,2011Q1,1,January,Jan 2011,7,Friday,False
2011-01-08,2011,2011Q1,1,January,Jan 2011,8,Saturday,True
2011-01-09,2011,2011Q1,1,January,Jan 2011,9,Sunday,True
2011-01-10,2011,2011Q1,1,January,Jan 2011,10,Monday,False
2011-01-11,2011,2011Q1,1,January,Jan 2011,11,Tuesday,False
2011-01-12,2011,2011Q1,1,January,Jan 2011,12,Wednesday,False
2011-01-13,2011,2011Q1,1,January,Jan 2011,13,Thursday,False
2011-01-14,2011,2011Q1,1,January,Jan 2011,14,Friday,False
2011-01-15,2011,2011Q1,1,January,Jan 2011,15,Saturday,True
2011-01-16,2011,2011Q1,1,January,Jan 2011,16,Sunday,True
2011-01-17,2011,2011Q1,1,January,Jan 2011,17,Monday,False
2011-01-18,2011,2011Q1,1,January,Jan 2011,18,Tuesday,False
2011-01-19,2011,2011Q1,1,January,Jan 2011,19,Wednesday,False
2011-01-20,2011,2011Q1,1,January,Jan 2011,20,Thursday,False
2011-01-21,2011,2011Q1,1,January,Jan 2011,21,Friday,False
2011-01-22,2011,2011Q1,1,January,Jan 2011,22,Saturday,True
2011-01-23,2011,2011Q1,1,January,Jan 2011,23,Sunday,True
2011-01-24,2011,2011Q1,1,January,Jan 2011,24,Monday,False
2011-01-25,2011,2011Q1,1,January,Jan 2011,25,Tuesday,False
2011-01-26,2011,2011Q1,1,January,Jan 2011,26,Wednesday,False
2011-01-27,2011,2011Q1,1,January,Jan 2011,27,Thursday,False
2011-01-28,2011,2011Q1,1,January,Jan 2011,28,Friday,False
2011-01-29,2011,2011Q1,1,January,Jan 2011,29,Saturday,True
2011-01-30,2011,2011Q1,1,January,Jan 2011,30,Sunday,True
2011-01-31,2011,2011Q1,1,January,Jan 2011,31,Monday,False
2011-02-01,2011,2011Q1,2,February,Feb 2011,1,Tuesday,False
2011-02-02,2011,2011Q1,2,February,Feb 2011,2,Wednesday,False
2011-02-03,2011,2011Q1,2,February,Feb 2011,3,Thursday,False
2011-02-04,2011,2011Q1,2,February,Feb 2011,4,Friday,False
2011-02-05,2011,2011Q1,2,February,Feb 2011,5,Saturday,True
2011-02-06,2011,2011Q1,2,February,Feb 2011,6,Sunday,True
2011-02-07,2011,2011Q1,2,February,Feb 2011,7,Monday,False
2011-02-08,2011,2011Q1,2,February,Feb 2011,8,Tuesday,False
2011-02-09,2011,2011Q1,2,February,Feb 2011,9,Wednesday,False
2011-02-10,2011,2011Q1,2,February,Feb 2011,10,Thursday,False
2011-02-11,2011,2011Q1,2,February,Feb 2011,11,Friday,False
2011-02-12,2011,2011Q1,2,February,Feb 2011,12,Saturday,True
2011-02-13,2011,2011Q1,2,February,Feb 2011,13,Sunday,True
2011-02-14,2011,2011Q1,2,February,Feb 2011,14,Monday,False
2011-02-15,2011,2011Q1,2,February,Feb 2011,15,Tuesday,False
2011-02-16,2011,2011Q1,2,February,Feb 2011,16,Wednesday,False
2011-02-17,2011,2011Q1,2,February,Feb 2011,17,Thursday,False
2011-02-18,2011,2011Q1,2,February,Feb 2011,18,Friday,False
2011-02-19,2011,2011Q1,2,February,Feb 2011,19,Saturday,True
2011-02-20,2011,2011Q1,2,February,Feb 2011,20,Sunday,True
2011-02-21,2011,2011Q1,2,February,Feb 2011,21,Monday,False
2011-02-22,2011,2011Q1,2,February,Feb 2011,22,Tuesday,False
2011-02-23,2011,2011Q1,2,February,Feb 2011,23,Wednesday,False
2011-02-24,2011,2011Q1,2,February,Feb 2011,24,Thursday,False
2011-02-25,2011,2011Q1,2,February,Feb 2011,25,Friday,False
2011-02-26,2011,2011Q1,2,February,Feb 2011,26,Saturday,True
2011-02-27,2011,2011Q1,2,February,Feb 2011,27,Sunday,True
2011-02-28,2011,2011Q1,2,February,Feb 2011,28,Monday,False
2011-03-01,2011,2011Q1,3,March,Mar 2011,1,Tuesday,False
2011-03-02,2011,2011Q1,3,March,Mar 2011,2,Wednesday,False
2011-03-03,2011,2011Q1,3,March,Mar 2011,3,Thursday,False
2011-03-04,2011,2011Q1,3,March,Mar 2011,4,Friday,False
2011-03-05,2011,2011Q1,3,March,Mar 2011,5,Saturday,True
2011-03-06,2011,2011Q1,3,March,Mar 2011,6,Sunday,True
2011-03-07,2011,2011Q1,3,March,Mar 2011,7,Monday,False
2011-03-08,2011,2011Q1,3,March,Mar 2011,8,Tuesday,False
2011-03-09,2011,2011Q1,3,March,Mar 2011,9,Wednesday,False
2011-03-10,2011,2011Q1,3,March,Mar 2011,10,Thursday,False
2011-03-11,2011,2011Q1,3,March,Mar 2011,11,Friday,False
2011-03-12,2011,2011Q1,3,March,Mar 2011,12,Saturday,True
2011-03-13,2011,2011Q1,3,March,Mar 2011,13,Sunday,True
2011-03-14,2011,2011Q1,3,March,Mar 2011,14,Monday,False
2011-03-15,2011,2011Q1,3,March,Mar 2011,15,Tuesday,False
2011-03-16,2011,2011Q1,3,March,Mar 2011,16,Wednesday,False
2011-03-17,2011,2011Q1,3,March,Mar 2011,17,Thursday,False
2011-03-18,2011,2011Q1,3,March,Mar 2011,18,Friday,False
2011-03-19,2011,2011Q1,3,March,Mar 2011,19,Saturday,True
2011-03-20,2011,2011Q1,3,March,Mar 2011,20,Sunday,True
2011-03-21,2011,2011Q1,3,March,Mar 2011,21,Monday,False
2011-03-22,2011,2011Q1,3,March,Mar 2011,22,Tuesday,False
2011-03-23,2011,2011Q1,3,March,Mar 2011,23,Wednesday,False
2011-03-24,2011,2011Q1,3,March,Mar 2011,24,Thursday,False
2011-03-25,2011,2011Q1,3,March,Mar 2011,25,Friday,False
2011-03-26,2011,2011Q1,3,March,Mar 2011,26,Saturday,True
2011-03-27,2011,2011Q1,3,March,Mar 2011,27,Sunday,True
2011-03-28,2011,2011Q1,3,March,Mar 2011,28,Monday,False
2011-03-29,2011,2011Q1,3,March,Mar 2011,29,Tuesday,False
2011-03-30,2011,2011Q1,3,March,Mar 2011,30,Wednesday,False
2011-03-31,2011,2011Q1,3,March,Mar 2011,31,Thursday,False
2011-04-01,2011,2011Q2,4,April,Apr 2011,1,Friday,False
2011-04-02,2011,2011Q2,4,April,Apr 2011,2,Saturday,True
2011-04-03,2011,2011Q2,4,April,Apr 2011,3,Sunday,True
2011-04-04,2011,2011Q2,4,April,Apr 2011,4,Monday,False
2011-04-05,2011,2011Q2,4,April,Apr 2011,5,Tuesday,False
2011-04-06,2011,2011Q2,4,April,Apr 2011,6,Wednesday,False
2011-04-07,2011,2011Q2,4,April,Apr 2011,7,Thursday,False
2011-04-08,2011,2011Q2,4,April,Apr 2011,8,Friday,False
2011-04-09,2011,2011Q2,4,April,Apr 2011,9,Saturday,True
2011-04-10,2011,2011Q2,4,April,Apr 2011,10,Sunday,True
2011-04-11,2011,2011Q2,4,April,Apr 2011,11,Monday,False
2011-04-12,2011,2011Q2,4,April,Apr 2011,12,Tuesday,False
2011-04-13,2011,2011Q2,4,April,Apr 2011,13,Wednesday,False
2011-04-14,2011,2011Q2,4,April,Apr 2011,14,Thursday,False
2011-04-15,2011,2011Q2,4,April,Apr 2011,15,Friday,False
2011-04-16,2011,2011Q2,4,April,Apr 2011,16,Saturday,True
2011-04-17,2011,2011Q2,4,April,Apr 2011,17,Sunday,True
2011-04-18,2011,2011Q2,4,April,Apr 2011,18,Monday,False
2011-04-19,2011,2011Q2,4,April,Apr 2011,19,Tuesday,False
2011-04-20,2011,2011Q2,4,April,Apr 2011,20,Wednesday,False
2011-04-21,2011,2011Q2,4,April,Apr 2011,21,Thursday,False
2011-04-22,2011,2011Q2,4,April,Apr 2011,22,Friday,False
2011-04-23,2011,2011Q2,4,April,Apr 2011,23,Saturday,True
2011-04-24,2011,2011Q2,4,April,Apr 2011,24,Sunday,True
2011-04-25,2011,2011Q2,4,April,Apr 2011,25,Monday,False
2011-04-26,2011,2011Q2,4,April,Apr 2011,26,Tuesday,False
2011-04-27,2011,2011Q2,4,April,Apr 2011,27,Wednesday,False
2011-04-28,2011,2011Q2,4,April,Apr 2011,28,Thursday,False
2011-04-29,2011,2011Q2,4,April,Apr 2011,29,Friday,False
2011-04-30,2011,2011Q2,4,April,Apr 2011,30,Saturday,True
2011-05-01,2011,2011Q2,5,May,May 2011,1,Sunday,True
2011-05-02,2011,2011Q2,5,May,May 2011,2,Monday,False
2011-05-03,2011,2011Q2,5,May,May 2011,3,Tuesday,False
2011-05-04,2011,2011Q2,5,May,May 2011,4,Wednesday,False
2011-05-05,2011,2011Q2,5,May,May 2011,5,Thursday,False
2011-05-06,2011,2011Q2,5,May,May 2011,6,Friday,False
2011-05-07,2011,2011Q2,5,May,May 2011,7,Saturday,True
2011-05-08,2011,2011Q2,5,May,May 2011,8,Sunday,True
2011-05-09,2011,2011Q2,5,May,May 2011,9,Monday,False
2011-05-10,2011,2011Q2,5,May,May 2011,10,Tuesday,False
2011-05-11,2011,2011Q2,5,May,May 2011,11,Wednesday,False
2011-05-12,2011,2011Q2,5,May,May 2011,12,Thursday,False
2011-05-13,2011,2011Q2,5,May,May 2011,13,Friday,False
2011-05-14,2011,2011Q2,5,May,May 2011,14,Saturday,True
2011-05-15,2011,2011Q2,5,May,May 2011,15,Sunday,True
2011-05-16,2011,2011Q2,5,May,May 2011,16,Monday,False
2011-05-17,2011,2011Q2,5,May,May 2011,17,Tuesday,False
2011-05-18,2011,2011Q2,5,May,May 2011,18,Wednesday,False
2011-05-19,2011,2011Q2,5,May,May 2011,19,Thursday,False
2011-05-20,2011,2011Q2,5,May,May 2011,20,Friday,False
2011-05-21,2011,2011Q2,5,May,May 2011,21,Saturday,True
2011-05-22,2011,2011Q2,5,May,May 2011,22,Sunday,True
2011-05-23,2011,2011Q2,5,May,May 2011,23,Monday,False
2011-05-24,2011,2011Q2,5,May,May 2011,24,Tuesday,False
2011-05-25,2011,2011Q2,5,May,May 2011,25,Wednesday,False
2011-05-26,2011,2011Q2,5,May,May 2011,26,Thursday,False
2011-05-27,2011,2011Q2,5,May,May 2011,27,Friday,False
2011-05-28,2011,2011Q2,5,May,May 2011,28,Saturday,True
2011-05-29,2011,2011Q2,5,May,May 2011,29,Sunday,True
2011-05-30,2011,2011Q2,5,May,May 2011,30,Monday,False
2011-05-31,2011,2011Q2,5,May,May 2011,31,Tuesday,False
2011-06-01,2011,2011Q2,6,June,Jun 2011,1,Wednesday,False
2011-06-02,2011,2011Q2,6,June,Jun 2011,2,Thursday,False
2011-06-03,2011,2011Q2,6,June,Jun 2011,3,Friday,False
2011-06-04,2011,2011Q2,6,June,Jun 2011,4,Saturday,True
2011-06-05,2011,2011Q2,6,June,Jun 2011,5,Sunday,True
2011-06-06,2011,2011Q2,6,June,Jun 2011,6,Monday,False
2011-06-07,2011,2011Q2,6,June,Jun 2011,7,Tuesday,False
2011-06-08,2011,2011Q2,6,June,Jun 2011,8,Wednesday,False
2011-06-09,2011,2011Q2,6,June,Jun 2011,9,Thursday,False
2011-06-10,2011,2011Q2,6,June,Jun 2011,10,Friday,False
2011-06-11,2011,2011Q2,6,June,Jun 2011,11,Saturday,True
2011-06-12,2011,2011Q2,6,June,Jun 2011,12,Sunday,True
2011-06-13,2011,2011Q2,6,June,Jun 2011,13,Monday,False
2011-06-14,2011,2011Q2,6,June,Jun 2011,14,Tuesday,False
2011-06-15,2011,2011Q2,6,June,Jun 2011,15,Wednesday,False
2011-06-16,2011,2011Q2,6,June,Jun 2011,16,Thursday,False
2011-06-17,2011,2011Q2,6,June,Jun 2011,17,Friday,False
2011-06-18,2011,2011Q2,6,June,Jun 2011,18,Saturday,True
2011-06-19,2011,2011Q2,6,June,Jun 2011,19,Sunday,True
2011-06-20,2011,2011Q2,6,June,Jun 2011,20,Monday,False
2011-06-21,2011,2011Q2,6,June,Jun 2011,21,Tuesday,False
2011-06-22,2011,2011Q2,6,June,Jun 2011,22,Wednesday,False
2011-06-23,2011,2011Q2,6,June,Jun 2011,23,Thursday,False
2011-06-24,2011,2011Q2,6,June,Jun 2011,24,Friday,False
2011-06-25,2011,2011Q2,6,June,Jun 2011,25,Saturday,True
2011-06-26,2011,2011Q2,6,June,Jun 2011,26,Sunday,True
2011-06-27,2011,2011Q2,6,June,Jun 2011,27,Monday,False
2011-06-28,2011,2011Q2,6,June,Jun 2011,28,Tuesday,False
2011-06-29,2011,2011Q2,6,June,Jun 2011,29,Wednesday,False
2011-06-30,2011,2011Q2,6,June,Jun 2011,30,Thursday,False
2011-07-01,2011,2011Q3,7,July,Jul 2011,1,Friday,False
2011-07-02,2011,2011Q3,7,July,Jul 2011,2,Saturday,True
2011-07-03,2011,2011Q3,7,July,Jul 2011,3,Sunday,True
2011-07-04,2011,2011Q3,7,July,Jul 2011,4,Monday,False
2011-07-05,2011,2011Q3,7,July,Jul 2011,5,Tuesday,False
2011-07-06,2011,2011Q3,7,July,Jul 2011,6,Wednesday,False
2011-07-07,2011,2011Q3,7,July,Jul 2011,7,Thursday,False
2011-07-08,2011,2011Q3,7,July,Jul 2011,8,Friday,False
2011-07-09,2011,2011Q3,7,July,Jul 2011,9,Saturday,True
2011-07-10,2011,2011Q3,7,July,Jul 2011,10,Sunday,True
2011-07-11,2011,2011Q3,7,July,Jul 2011,11,Monday,False
2011-07-12,2011,2011Q3,7,July,Jul 2011,12,Tuesday,False
2011-07-13,2011,2011Q3,7,July,Jul 2011,13,Wednesday,False
2011-07-14,2011,2011Q3,7,July,Jul 2011,14,Thursday,False
2011-07-15,2011,2011Q3,7,July,Jul 2011,15,Friday,False
2011-07-16,2011,2011Q3,7,July,Jul 2011,16,Saturday,True
2011-07-17,2011,2011Q3,7,July,Jul 2011,17,Sunday,True
2011-07-18,2011,2011Q3,7,July,Jul 2011,18,Monday,False
2011-07-19,2011,2011Q3,7,July,Jul 2011,19,Tuesday,False
2011-07-20,2011,2011Q3,7,July,Jul 2011,20,Wednesday,False
2011-07-21,2011,2011Q3,7,July,Jul 2011,21,Thursday,False
2011-07-22,2011,2011Q3,7,July,Jul 2011,22,Friday,False
2011-07-23,2011,2011Q3,7,July,Jul 2011,23,Saturday,True
2011-07-24,2011,2011Q3,7,July,Jul 2011,24,Sunday,True
2011-07-25,2011,2011Q3,7,July,Jul 2011,25,Monday,False
2011-07-26,2011,2011Q3,7,July,Jul 2011,26,Tuesday,False
2011-07-27,2011,2011Q3,7,July,Jul 2011,27,Wednesday,False
2011-07-28,2011,2011Q3,7,July,Jul 2011,28,Thursday,False
2011-07-29,2011,2011Q3,7,July,Jul 2011,29,Friday,False
2011-07-30,2011,2011Q3,7,July,Jul 2011,30,Saturday,True
2011-07-31,2011,2011Q3,7,July,Jul 2011,31,Sunday,True
2011-08-01,2011,2011Q3,8,August,Aug 2011,1,Monday,False
2011-08-02,2011,2011Q3,8,August,Aug 2011,2,Tuesday,False
2011-08-03,2011,2011Q3,8,August,Aug 2011,3,Wednesday,False
2011-08-04,2011,2011Q3,8,August,Aug 2011,4,Thursday,False
2011-08-05,2011,2011Q3,8,August,Aug 2011,5,Friday,False
2011-08-06,2011,2011Q3,8,August,Aug 2011,6,Saturday,True
2011-08-07,2011,2011Q3,8,August,Aug 2011,7,Sunday,True
2011-08-08,2011,2011Q3,8,August,Aug 2011,8,Monday,False
2011-08-09,2011,2011Q3,8,August,Aug 2011,9,Tuesday,False
2011-08-10,2011,2011Q3,8,August,Aug 2011,10,Wednesday,False
2011-08-11,2011,2011Q3,8,August,Aug 2011,11,Thursday,False
2011-08-12,2011,2011Q3,8,August,Aug 2011,12,Friday,False
2011-08-13,2011,2011Q3,8,August,Aug 2011,13,Saturday,True
2011-08-14,2011,2011Q3,8,August,Aug 2011,14,Sunday,True
2011-08-15,2011,2011Q3,8,August,Aug 2011,15,Monday,False
2011-08-16,2011,2011Q3,8,August,Aug 2011,16,Tuesday,False
2011-08-17,2011,2011Q3,8,August,Aug 2011,17,Wednesday,False
2011-08-18,2011,2011Q3,8,August,Aug 2011,18,Thursday,False
2011-08-19,2011,2011Q3,8,August,Aug 2011,19,Friday,False
2011-08-20,2011,2011Q3,8,August,Aug 2011,20,Saturday,True
2011-08-21,2011,2011Q3,8,August,Aug 2011,21,Sunday,True
2011-08-22,2011,2011Q3,8,August,Aug 2011,22,Monday,False
2011-08-23,2011,2011Q3,8,August,Aug 2011,23,Tuesday,False
2011-08-24,2011,2011Q3,8,August,Aug 2011,24,Wednesday,False
2011-08-25,2011,2011Q3,8,August,Aug 2011,25,Thursday,False
2011-08-26,2011,2011Q3,8,August,Aug 2011,26,Friday,False
2011-08-27,2011,2011Q3,8,August,Aug 2011,27,Saturday,True
2011-08-28,2011,2011Q3,8,August,Aug 2011,28,Sunday,True
2011-08-29,2011,2011Q3,8,August,Aug 2011,29,Monday,False
2011-08-30,2011,2011Q3,8,August,Aug 2011,30,Tuesday,False
2011-08-31,2011,2011Q3,8,August,Aug 2011,31,Wednesday,False
2011-09-01,2011,2011Q3,9,September,Sep 2011,1,Thursday,False
2011-09-02,2011,2011Q3,9,September,Sep 2011,2,Friday,False
2011-09-03,2011,2011Q3,9,September,Sep 2011,3,Saturday,True
2011-09-04,2011,2011Q3,9,September,Sep 2011,4,Sunday,True
2011-09-05,2011,2011Q3,9,September,Sep 2011,5,Monday,False
2011-09-06,2011,2011Q3,9,September,Sep 2011,6,Tuesday,False
2011-09-07,2011,2011Q3,9,September,Sep 2011,7,Wednesday,False
2011-09-08,2011,2011Q3,9,September,Sep 2011,8,Thursday,False
2011-09-09,2011,2011Q3,9,September,Sep 2011,9,Friday,False
2011-09-10,2011,2011Q3,9,September,Sep 2011,10,Saturday,True
2011-09-11,2011,2011Q3,9,September,Sep 2011,11,Sunday,True
2011-09-12,2011,2011Q3,9,September,Sep 2011,12,Monday,False
2011-09-13,2011,2011Q3,9,September,Sep 2011,13,Tuesday,False
2011-09-14,2011,2011Q3,9,September,Sep 2011,14,Wednesday,False
2011-09-15,2011,2011Q3,9,September,Sep 2011,15,Thursday,False
2011-09-16,2011,2011Q3,9,September,Sep 2011,16,Friday,False
2011-09-17,2011,2011Q3,9,September,Sep 2011,17,Saturday,True
2011-09-18,2011,2011Q3,9,September,Sep 2011,18,Sunday,True
2011-09-19,2011,2011Q3,9,September,Sep 2011,19,Monday,False
2011-09-20,2011,2011Q3,9,September,Sep 2011,20,Tuesday,False
2011-09-21,2011,2011Q3,9,September,Sep 2011,21,Wednesday,False
2011-09-22,2011,2011Q3,9,September,Sep 2011,22,Thursday,False
2011-09-23,2011,2011Q3,9,September,Sep 2011,23,Friday,False
2011-09-24,2011,2011Q3,9,September,Sep 2011,24,Saturday,True
2011-09-25,2011,2011Q3,9,September,Sep 2011,25,Sunday,True
2011-09-26,2011,2011Q3,9,September,Sep 2011,26,Monday,False
2011-09-27,2011,2011Q3,9,September,Sep 2011,27,Tuesday,False
2011-09-28,2011,2011Q3,9,September,Sep 2011,28,Wednesday,False
2011-09-29,2011,2011Q3,9,September,Sep 2011,29,Thursday,False
2011-09-30,2011,2011Q3,9,September,Sep 2011,30,Friday,False
2011-10-01,2011,2011Q4,10,October,Oct 2011,1,Saturday,True
2011-10-02,2011,2011Q4,10,October,Oct 2011,2,Sunday,True
2011-10-03,2011,2011Q4,10,October,Oct 2011,3,Monday,False
2011-10-04,2011,2011Q4,10,October,Oct 2011,4,Tuesday,False
2011-10-05,2011,2011Q4,10,October,Oct 2011,5,Wednesday,False
2011-10-06,2011,2011Q4,10,October,Oct 2011,6,Thursday,False
2011-10-07,2011,2011Q4,10,October,Oct 2011,7,Friday,False
2011-10-08,2011,2011Q4,10,October,Oct 2011,8,Saturday,True
2011-10-09,2011,2011Q4,10,October,Oct 2011,9,Sunday,True
2011-10-10,2011,2011Q4,10,October,Oct 2011,10,Monday,False
2011-10-11,2011,2011Q4,10,October,Oct 2011,11,Tuesday,False
2011-10-12,2011,2011Q4,10,October,Oct 2011,12,Wednesday,False
2011-10-13,2011,2011Q4,10,October,Oct 2011,13,Thursday,False
2011-10-14,2011,2011Q4,10,October,Oct 2011,14,Friday,False
2011-10-15,2011,2011Q4,10,October,Oct 2011,15,Saturday,True
2011-10-16,2011,2011Q4,10,October,Oct 2011,16,Sunday,True
2011-10-17,2011,2011Q4,10,October,Oct 2011,17,Monday,False
2011-10-18,2011,2011Q4,10,October,Oct 2011,18,Tuesday,False
2011-10-19,2011,2011Q4,10,October,Oct 2011,19,Wednesday,False
2011-10-20,2011,2011Q4,10,October,Oct 2011,20,Thursday,False
2011-10-21,2011,2011Q4,10,October,Oct 2011,21,Friday,False
2011-10-22,2011,2011Q4,10,October,Oct 2011,22,Saturday,True
2011-10-23,2011,2011Q4,10,October,Oct 2011,23,Sunday,True
2011-10-24,2011,2011Q4,10,October,Oct 2011,24,Monday,False
2011-10-25,2011,2011Q4,10,October,Oct 2011,25,Tuesday,False
2011-10-26,2011,2011Q4,10,October,Oct 2011,26,Wednesday,False
2011-10-27,2011,2011Q4,10,October,Oct 2011,27,Thursday,False
2011-10-28,2011,2011Q4,10,October,Oct 2011,28,Friday,False
2011-10-29,2011,2011Q4,10,October,Oct 2011,29,Saturday,True
2011-10-30,2011,2011Q4,10,October,Oct 2011,30,Sunday,True
2011-10-31,2011,2011Q4,10,October,Oct 2011,31,Monday,False
2011-11-01,2011,2011Q4,11,November,Nov 2011,1,Tuesday,False
2011-11-02,2011,2011Q4,11,November,Nov 2011,2,Wednesday,False
2011-11-03,2011,2011Q4,11,November,Nov 2011,3,Thursday,False
2011-11-04,2011,2011Q4,11,November,Nov 2011,4,Friday,False
2011-11-05,2011,2011Q4,11,November,Nov 2011,5,Saturday,True
2011-11-06,2011,2011Q4,11,November,Nov 2011,6,Sunday,True
2011-11-07,2011,2011Q4,11,November,Nov 2011,7,Monday,False
2011-11-08,2011,2011Q4,11,November,Nov 2011,8,Tuesday,False
2011-11-09,2011,2011Q4,11,November,Nov 2011,9,Wednesday,False
2011-11-10,2011,2011Q4,11,November,Nov 2011,10,Thursday,False
2011-11-11,2011,2011Q4,11,November,Nov 2011,11,Friday,False
2011-11-12,2011,2011Q4,11,November,Nov 2011,12,Saturday,True
2011-11-13,2011,2011Q4,11,November,Nov 2011,13,Sunday,True
2011-11-14,2011,2011Q4,11,November,Nov 2011,14,Monday,False
2011-11-15,2011,2011Q4,11,November,Nov 2011,15,Tuesday,False
2011-11-16,2011,2011Q4,11,November,Nov 2011,16,Wednesday,False
2011-11-17,2011,2011Q4,11,November,Nov 2011,17,Thursday,False
2011-11-18,2011,2011Q4,11,November,Nov 2011,18,Friday,False
2011-11-19,2011,2011Q4,11,November,Nov 2011,19,Saturday,True
2011-11-20,2011,2011Q4,11,November,Nov 2011,20,Sunday,True
2011-11-21,2011,2011Q4,11,November,Nov 2011,21,Monday,False
2011-11-22,2011,2011Q4,11,November,Nov 2011,22,Tuesday,False
2011-11-23,2011,2011Q4,11,November,Nov 2011,23,Wednesday,False
2011-11-24,2011,2011Q4,11,November,Nov 2011,24,Thursday,False
2011-11-25,2011,2011Q4,11,November,Nov 2011,25,Friday,False
2011-11-26,2011,2011Q4,11,November,Nov 2011,26,Saturday,True
2011-11-27,2011,2011Q4,11,November,Nov 2011,27,Sunday,True
2011-11-28,2011,2011Q4,11,November,Nov 2011,28,Monday,False
2011-11-29,2011,2011Q4,11,November,Nov 2011,29,Tuesday,False
2011-11-30,2011,2011Q4,11,November,Nov 2011,30,Wednesday,False
2011-12-01,2011,2011Q4,12,December,Dec 2011,1,Thursday,False
2011-12-02,2011,2011Q4,12,December,Dec 2011,2,Friday,False
2011-12-03,2011,2011Q4,12,December,Dec 2011,3,Saturday,True
2011-12-04,2011,2011Q4,12,December,Dec 2011,4,Sunday,True
2011-12-05,2011,2011Q4,12,December,Dec 2011,5,Monday,False
2011-12-06,2011,2011Q4,12,December,Dec 2011,6,Tuesday,False
2011-12-07,2011,2011Q4,12,December,Dec 2011,7,Wednesday,False
2011-12-08,2011,2011Q4,12,December,Dec 2011,8,Thursday,False
2011-12-09,2011,2011Q4,12,December,Dec 2011,9,Friday,False
2011-12-10,2011,2011Q4,12,December,Dec 2011,10,Saturday,True
2011-12-11,2011,2011Q4,12,December,Dec 2011,11,Sunday,True
2011-12-12,2011,2011Q4,12,December,Dec 2011,12,Monday,False
2011-12-13,2011,2011Q4,12,December,Dec 2011,13,Tuesday,False
2011-12-14,2011,2011Q4,12,December,Dec 2011,14,Wednesday,False
2011-12-15,2011,2011Q4,12,December,Dec 2011,15,Thursday,False
2011-12-16,2011,2011Q4,12,December,Dec 2011,16,Friday,False
2011-12-17,2011,2011Q4,12,December,Dec 2011,17,Saturday,True
2011-12-18,2011,2011Q4,12,December,Dec 2011,18,Sunday,True
2011-12-19,2011,2011Q4,12,December,Dec 2011,19,Monday,False
2011-12-20,2011,2011Q4,12,December,Dec 2011,20,Tuesday,False
2011-12-21,2011,2011Q4,12,December,Dec 2011,21,Wednesday,False
2011-12-22,2011,2011Q4,12,December,Dec 2011,22,Thursday,False
2011-12-23,2011,2011Q4,12,December,Dec 2011,23,Friday,False
2011-12-24,2011,2011Q4,12,December,Dec 2011,24,Saturday,True
2011-12-25,2011,2011Q4,12,December,Dec 2011,25,Sunday,True
2011-12-26,2011,2011Q4,12,December,Dec 2011,26,Monday,False
2011-12-27,2011,2011Q4,12,December,Dec 2011,27,Tuesday,False
2011-12-28,2011,2011Q4,12,December,Dec 2011,28,Wednesday,False
2011-12-29,2011,2011Q4,12,December,Dec 2011,29,Thursday,False
2011-12-30,2011,2011Q4,12,December,Dec 2011,30,Friday,False
2011-12-31,2011,2011Q4,12,December,Dec 2011,31,Saturday,True
2012-01-01,2012,2012Q1,1,January,Jan 2012,1,Sunday,True
2012-01-02,2012,2012Q1,1,January,Jan 2012,2,Monday,False
2012-01-03,2012,2012Q1,1,January,Jan 2012,3,Tuesday,False
2012-01-04,2012,2012Q1,1,January,Jan 2012,4,Wednesday,False
2012-01-05,2012,2012Q1,1,January,Jan 2012,5,Thursday,False
2012-01-06,2012,2012Q1,1,January,Jan 2012,6,Friday,False
2012-01-07,2012,2012Q1,1,January,Jan 2012,7,Saturday,True
2012-01-08,2012,2012Q1,1,January,Jan 2012,8,Sunday,True
2012-01-09,2012,2012Q1,1,January,Jan 2012,9,Monday,False
2012-01-10,2012,2012Q1,1,January,Jan 2012,10,Tuesday,False
2012-01-11,2012,2012Q1,1,January,Jan 2012,11,Wednesday,False
2012-01-12,2012,2012Q1,1,January,Jan 2012,12,Thursday,False
2012-01-13,2012,2012Q1,1,January,Jan 2012,13,Friday,False
2012-01-14,2012,2012Q1,1,January,Jan 2012,14,Saturday,True
2012-01-15,2012,2012Q1,1,January,Jan 2012,15,Sunday,True
2012-01-16,2012,2012Q1,1,January,Jan 2012,16,Monday,False
2012-01-17,2012,2012Q1,1,January,Jan 2012,17,Tuesday,False
2012-01-18,2012,2012Q1,1,January,Jan 2012,18,Wednesday,False
2012-01-19,2012,2012Q1,1,January,Jan 2012,19,Thursday,False
2012-01-20,2012,2012Q1,1,January,Jan 2012,20,Friday,False
2012-01-21,2012,2012Q1,1,January,Jan 2012,21,Saturday,True
2012-01-22,2012,2012Q1,1,January,Jan 2012,22,Sunday,True
2012-01-23,2012,2012Q1,1,January,Jan 2012,23,Monday,False
2012-01-24,2012,2012Q1,1,January,Jan 2012,24,Tuesday,False
2012-01-25,2012,2012Q1,1,January,Jan 2012,25,Wednesday,False
2012-01-26,2012,2012Q1,1,January,Jan 2012,26,Thursday,False
2012-01-27,2012,2012Q1,1,January,Jan 2012,27,Friday,False
2012-01-28,2012,2012Q1,1,January,Jan 2012,28,Saturday,True
2012-01-29,2012,2012Q1,1,January,Jan 2012,29,Sunday,True
2012-01-30,2012,2012Q1,1,January,Jan 2012,30,Monday,False
2012-01-31,2012,2012Q1,1,January,Jan 2012,31,Tuesday,False
2012-02-01,2012,2012Q1,2,February,Feb 2012,1,Wednesday,False
2012-02-02,2012,2012Q1,2,February,Feb 2012,2,Thursday,False
2012-02-03,2012,2012Q1,2,February,Feb 2012,3,Friday,False
2012-02-04,2012,2012Q1,2,February,Feb 2012,4,Saturday,True
2012-02-05,2012,2012Q1,2,February,Feb 2012,5,Sunday,True
2012-02-06,2012,2012Q1,2,February,Feb 2012,6,Monday,False
2012-02-07,2012,2012Q1,2,February,Feb 2012,7,Tuesday,False
2012-02-08,2012,2012Q1,2,February,Feb 2012,8,Wednesday,False
2012-02-09,2012,2012Q1,2,February,Feb 2012,9,Thursday,False
2012-02-10,2012,2012Q1,2,February,Feb 2012,10,Friday,False
2012-02-11,2012,2012Q1,2,February,Feb 2012,11,Saturday,True
2012-02-12,2012,2012Q1,2,February,Feb 2012,12,Sunday,True
2012-02-13,2012,2012Q1,2,February,Feb 2012,13,Monday,False
2012-02-14,2012,2012Q1,2,February,Feb 2012,14,Tuesday,False
2012-02-15,2012,2012Q1,2,February,Feb 2012,15,Wednesday,False
2012-02-16,2012,2012Q1,2,February,Feb 2012,16,Thursday,False
2012-02-17,2012,2012Q1,2,February,Feb 2012,17,Friday,False
2012-02-18,2012,2012Q1,2,February,Feb 2012,18,Saturday,True
2012-02-19,2012,2012Q1,2,February,Feb 2012,19,Sunday,True
2012-02-20,2012,2012Q1,2,February,Feb 2012,20,Monday,False
2012-02-21,2012,2012Q1,2,February,Feb 2012,21,Tuesday,False
2012-02-22,2012,2012Q1,2,February,Feb 2012,22,Wednesday,False
2012-02-23,2012,2012Q1,2,February,Feb 2012,23,Thursday,False
2012-02-24,2012,2012Q1,2,February,Feb 2012,24,Friday,False
2012-02-25,2012,2012Q1,2,February,Feb 2012,25,Saturday,True
2012-02-26,2012,2012Q1,2,February,Feb 2012,26,Sunday,True
2012-02-27,2012,2012Q1,2,February,Feb 2012,27,Monday,False
2012-02-28,2012,2012Q1,2,February,Feb 2012,28,Tuesday,False
2012-02-29,2012,2012Q1,2,February,Feb 2012,29,Wednesday,False
2012-03-01,2012,2012Q1,3,March,Mar 2012,1,Thursday,False
2012-03-02,2012,2012Q1,3,March,Mar 2012,2,Friday,False
2012-03-03,2012,2012Q1,3,March,Mar 2012,3,Saturday,True
2012-03-04,2012,2012Q1,3,March,Mar 2012,4,Sunday,True
2012-03-05,2012,2012Q1,3,March,Mar 2012,5,Monday,False
2012-03-06,2012,2012Q1,3,March,Mar 2012,6,Tuesday,False
2012-03-07,2012,2012Q1,3,March,Mar 2012,7,Wednesday,False
2012-03-08,2012,2012Q1,3,March,Mar 2012,8,Thursday,False
2012-03-09,2012,2012Q1,3,March,Mar 2012,9,Friday,False
2012-03-10,2012,2012Q1,3,March,Mar 2012,10,Saturday,True
2012-03-11,2012,2012Q1,3,March,Mar 2012,11,Sunday,True
2012-03-12,2012,2012Q1,3,March,Mar 2012,12,Monday,False
2012-03-13,2012,2012Q1,3,March,Mar 2012,13,Tuesday,False
2012-03-14,2012,2012Q1,3,March,Mar 2012,14,Wednesday,False
2012-03-15,2012,2012Q1,3,March,Mar 2012,15,Thursday,False
2012-03-16,2012,2012Q1,3,March,Mar 2012,16,Friday,False
2012-03-17,2012,2012Q1,3,March,Mar 2012,17,Saturday,True
2012-03-18,2012,2012Q1,3,March,Mar 2012,18,Sunday,True
2012-03-19,2012,2012Q1,3,March,Mar 2012,19,Monday,False
2012-03-20,2012,2012Q1,3,March,Mar 2012,20,Tuesday,False
2012-03-21,2012,2012Q1,3,March,Mar 2012,21,Wednesday,False
2012-03-22,2012,2012Q1,3,March,Mar 2012,22,Thursday,False
2012-03-23,2012,2012Q1,3,March,Mar 2012,23,Friday,False
2012-03-24,2012,2012Q1,3,March,Mar 2012,24,Saturday,True
2012-03-25,2012,2012Q1,3,March,Mar 2012,25,Sunday,True
2012-03-26,2012,2012Q1,3,March,Mar 2012,26,Monday,False
2012-03-27,2012,2012Q1,3,March,Mar 2012,27,Tuesday,False
2012-03-28,2012,2012Q1,3,March,Mar 2012,28,Wednesday,False
2012-03-29,2012,2012Q1,3,March,Mar 2012,29,Thursday,False
2012-03-30,2012,2012Q1,3,March,Mar 2012,30,Friday,False
2012-03-31,2012,2012Q1,3,March,Mar 2012,31,Saturday,True
2012-04-01,2012,2012Q2,4,April,Apr 2012,1,Sunday,True
2012-04-02,2012,2012Q2,4,April,Apr 2012,2,Monday,False
2012-04-03,2012,2012Q2,4,April,Apr 2012,3,Tuesday,False
2012-04-04,2012,2012Q2,4,April,Apr 2012,4,Wednesday,False
2012-04-05,2012,2012Q2,4,April,Apr 2012,5,Thursday,False
2012-04-06,2012,2012Q2,4,April,Apr 2012,6,Friday,False
2012-04-07,2012,2012Q2,4,April,Apr 2012,7,Saturday,True
2012-04-08,2012,2012Q2,4,April,Apr 2012,8,Sunday,True
2012-04-09,2012,2012Q2,4,April,Apr 2012,9,Monday,False
2012-04-10,2012,2012Q2,4,April,Apr 2012,10,Tuesday,False
2012-04-11,2012,2012Q2,4,April,Apr 2012,11,Wednesday,False
2012-04-12,2012,2012Q2,4,April,Apr 2012,12,Thursday,False
2012-04-13,2012,2012Q2,4,April,Apr 2012,13,Friday,False
2012-04-14,2012,2012Q2,4,April,Apr 2012,14,Saturday,True
2012-04-15,2012,2012Q2,4,April,Apr 2012,15,Sunday,True
2012-04-16,2012,2012Q2,4,April,Apr 2012,16,Monday,False
2012-04-17,2012,2012Q2,4,April,Apr 2012,17,Tuesday,False
2012-04-18,2012,2012Q2,4,April,Apr 2012,18,Wednesday,False
2012-04-19,2012,2012Q2,4,April,Apr 2012,19,Thursday,False
2012-04-20,2012,2012Q2,4,April,Apr 2012,20,Friday,False
2012-04-21,2012,2012Q2,4,April,Apr 2012,21,Saturday,True
2012-04-22,2012,2012Q2,4,April,Apr 2012,22,Sunday,True
2012-04-23,2012,2012Q2,4,April,Apr 2012,23,Monday,False
2012-04-24,2012,2012Q2,4,April,Apr 2012,24,Tuesday,False
2012-04-25,2012,2012Q2,4,April,Apr 2012,25,Wednesday,False
2012-04-26,2012,2012Q2,4,April,Apr 2012,26,Thursday,False
2012-04-27,2012,2012Q2,4,April,Apr 2012,27,Friday,False
2012-04-28,2012,2012Q2,4,April,Apr 2012,28,Saturday,True
2012-04-29,2012,2012Q2,4,April,Apr 2012,29,Sunday,True
2012-04-30,2012,2012Q2,4,April,Apr 2012,30,Monday,False
2012-05-01,2012,2012Q2,5,May,May 2012,1,Tuesday,False
2012-05-02,2012,2012Q2,5,May,May 2012,2,Wednesday,False
2012-05-03,2012,2012Q2,5,May,May 2012,3,Thursday,False
2012-05-04,2012,2012Q2,5,May,May 2012,4,Friday,False
2012-05-05,2012,2012Q2,5,May,May 2012,5,Saturday,True
2012-05-06,2012,2012Q2,5,May,May 2012,6,Sunday,True
2012-05-07,2012,2012Q2,5,May,May 2012,7,Monday,False
2012-05-08,2012,2012Q2,5,May,May 2012,8,Tuesday,False
2012-05-09,2012,2012Q2,5,May,May 2012,9,Wednesday,False
2012-05-10,2012,2012Q2,5,May,May 2012,10,Thursday,False
2012-05-11,2012,2012Q2,5,May,May 2012,11,Friday,False
2012-05-12,2012,2012Q2,5,May,May 2012,12,Saturday,True
2012-05-13,2012,2012Q2,5,May,May 2012,13,Sunday,True
2012-05-14,2012,2012Q2,5,May,May 2012,14,Monday,False
2012-05-15,2012,2012Q2,5,May,May 2012,15,Tuesday,False
2012-05-16,2012,2012Q2,5,May,May 2012,16,Wednesday,False
2012-05-17,2012,2012Q2,5,May,May 2012,17,Thursday,False
2012-05-18,2012,2012Q2,5,May,May 2012,18,Friday,False
2012-05-19,2012,2012Q2,5,May,May 2012,19,Saturday,True
2012-05-20,2012,2012Q2,5,May,May 2012,20,Sunday,True
2012-05-21,2012,2012Q2,5,May,May 2012,21,Monday,False
2012-05-22,2012,2012Q2,5,May,May 2012,22,Tuesday,False
2012-05-23,2012,2012Q2,5,May,May 2012,23,Wednesday,False
2012-05-24,2012,2012Q2,5,May,May 2012,24,Thursday,False
2012-05-25,2012,2012Q2,5,May,May 2012,25,Friday,False
2012-05-26,2012,2012Q2,5,May,May 2012,26,Saturday,True
2012-05-27,2012,2012Q2,5,May,May 2012,27,Sunday,True
2012-05-28,2012,2012Q2,5,May,May 2012,28,Monday,False
2012-05-29,2012,2012Q2,5,May,May 2012,29,Tuesday,False
2012-05-30,2012,2012Q2,5,May,May 2012,30,Wednesday,False
2012-05-31,2012,2012Q2,5,May,May 2012,31,Thursday,False
2012-06-01,2012,2012Q2,6,June,Jun 2012,1,Friday,False
2012-06-02,2012,2012Q2,6,June,Jun 2012,2,Saturday,True
2012-06-03,2012,2012Q2,6,June,Jun 2012,3,Sunday,True
2012-06-04,2012,2012Q2,6,June,Jun 2012,4,Monday,False
2012-06-05,2012,2012Q2,6,June,Jun 2012,5,Tuesday,False
2012-06-06,2012,2012Q2,6,June,Jun 2012,6,Wednesday,False
2012-06-07,2012,2012Q2,6,June,Jun 2012,7,Thursday,False
2012-06-08,2012,2012Q2,6,June,Jun 2012,8,Friday,False
2012-06-09,2012,2012Q2,6,June,Jun 2012,9,Saturday,True
2012-06-10,2012,2012Q2,6,June,Jun 2012,10,Sunday,True
2012-06-11,2012,2012Q2,6,June,Jun 2012,11,Monday,False
2012-06-12,2012,2012Q2,6,June,Jun 2012,12,Tuesday,False
2012-06-13,2012,2012Q2,6,June,Jun 2012,13,Wednesday,False
2012-06-14,2012,2012Q2,6,June,Jun 2012,14,Thursday,False
2012-06-15,2012,2012Q2,6,June,Jun 2012,15,Friday,False
2012-06-16,2012,2012Q2,6,June,Jun 2012,16,Saturday,True
2012-06-17,2012,2012Q2,6,June,Jun 2012,17,Sunday,True
2012-06-18,2012,2012Q2,6,June,Jun 2012,18,Monday,False
2012-06-19,2012,2012Q2,6,June,Jun 2012,19,Tuesday,False
2012-06-20,2012,2012Q2,6,June,Jun 2012,20,Wednesday,False
2012-06-21,2012,2012Q2,6,June,Jun 2012,21,Thursday,False
2012-06-22,2012,2012Q2,6,June,Jun 2012,22,Friday,False
2012-06-23,2012,2012Q2,6,June,Jun 2012,23,Saturday,True
2012-06-24,2012,2012Q2,6,June,Jun 2012,24,Sunday,True
2012-06-25,2012,2012Q2,6,June,Jun 2012,25,Monday,False
2012-06-26,2012,2012Q2,6,June,Jun 2012,26,Tuesday,False
2012-06-27,2012,2012Q2,6,June,Jun 2012,27,Wednesday,False
2012-06-28,2012,2012Q2,6,June,Jun 2012,28,Thursday,False
2012-06-29,2012,2012Q2,6,June,Jun 2012,29,Friday,False
2012-06-30,2012,2012Q2,6,June,Jun 2012,30,Saturday,True
2012-07-01,2012,2012Q3,7,July,Jul 2012,1,Sunday,True
2012-07-02,2012,2012Q3,7,July,Jul 2012,2,Monday,False
2012-07-03,2012,2012Q3,7,July,Jul 2012,3,Tuesday,False
2012-07-04,2012,2012Q3,7,July,Jul 2012,4,Wednesday,False
2012-07-05,2012,2012Q3,7,July,Jul 2012,5,Thursday,False
2012-07-06,2012,2012Q3,7,July,Jul 2012,6,Friday,False
2012-07-07,2012,2012Q3,7,July,Jul 2012,7,Saturday,True
2012-07-08,2012,2012Q3,7,July,Jul 2012,8,Sunday,True
2012-07-09,2012,2012Q3,7,July,Jul 2012,9,Monday,False
2012-07-10,2012,2012Q3,7,July,Jul 2012,10,Tuesday,False
2012-07-11,2012,2012Q3,7,July,Jul 2012,11,Wednesday,False
2012-07-12,2012,2012Q3,7,July,Jul 2012,12,Thursday,False
2012-07-13,2012,2012Q3,7,July,Jul 2012,13,Friday,False
2012-07-14,2012,2012Q3,7,July,Jul 2012,14,Saturday,True
2012-07-15,2012,2012Q3,7,July,Jul 2012,15,Sunday,True
2012-07-16,2012,2012Q3,7,July,Jul 2012,16,Monday,False
2012-07-17,2012,2012Q3,7,July,Jul 2012,17,Tuesday,False
2012-07-18,2012,2012Q3,7,July,Jul 2012,18,Wednesday,False
2012-07-19,2012,2012Q3,7,July,Jul 2012,19,Thursday,False
2012-07-20,2012,2012Q3,7,July,Jul 2012,20,Friday,False
2012-07-21,2012,2012Q3,7,July,Jul 2012,21,Saturday,True
2012-07-22,2012,2012Q3,7,July,Jul 2012,22,Sunday,True
2012-07-23,2012,2012Q3,7,July,Jul 2012,23,Monday,False
2012-07-24,2012,2012Q3,7,July,Jul 2012,24,Tuesday,False
2012-07-25,2012,2012Q3,7,July,Jul 2012,25,Wednesday,False
2012-07-26,2012,2012Q3,7,July,Jul 2012,26,Thursday,False
2012-07-27,2012,2012Q3,7,July,Jul 2012,27,Friday,False
2012-07-28,2012,2012Q3,7,July,Jul 2012,28,Saturday,True
2012-07-29,2012,2012Q3,7,July,Jul 2012,29,Sunday,True
2012-07-30,2012,2012Q3,7,July,Jul 2012,30,Monday,False
2012-07-31,2012,2012Q3,7,July,Jul 2012,31,Tuesday,False
2012-08-01,2012,2012Q3,8,August,Aug 2012,1,Wednesday,False
2012-08-02,2012,2012Q3,8,August,Aug 2012,2,Thursday,False
2012-08-03,2012,2012Q3,8,August,Aug 2012,3,Friday,False
2012-08-04,2012,2012Q3,8,August,Aug 2012,4,Saturday,True
2012-08-05,2012,2012Q3,8,August,Aug 2012,5,Sunday,True
2012-08-06,2012,2012Q3,8,August,Aug 2012,6,Monday,False
2012-08-07,2012,2012Q3,8,August,Aug 2012,7,Tuesday,False
2012-08-08,2012,2012Q3,8,August,Aug 2012,8,Wednesday,False
2012-08-09,2012,2012Q3,8,August,Aug 2012,9,Thursday,False
2012-08-10,2012,2012Q3,8,August,Aug 2012,10,Friday,False
2012-08-11,2012,2012Q3,8,August,Aug 2012,11,Saturday,True
2012-08-12,2012,2012Q3,8,August,Aug 2012,12,Sunday,True
2012-08-13,2012,2012Q3,8,August,Aug 2012,13,Monday,False
2012-08-14,2012,2012Q3,8,August,Aug 2012,14,Tuesday,False
2012-08-15,2012,2012Q3,8,August,Aug 2012,15,Wednesday,False
2012-08-16,2012,2012Q3,8,August,Aug 2012,16,Thursday,False
2012-08-17,2012,2012Q3,8,August,Aug 2012,17,Friday,False
2012-08-18,2012,2012Q3,8,August,Aug 2012,18,Saturday,True
2012-08-19,2012,2012Q3,8,August,Aug 2012,19,Sunday,True
2012-08-20,2012,2012Q3,8,August,Aug 2012,20,Monday,False
2012-08-21,2012,2012Q3,8,August,Aug 2012,21,Tuesday,False
2012-08-22,2012,2012Q3,8,August,Aug 2012,22,Wednesday,False
2012-08-23,2012,2012Q3,8,August,Aug 2012,23,Thursday,False
2012-08-24,2012,2012Q3,8,August,Aug 2012,24,Friday,False
2012-08-25,2012,2012Q3,8,August,Aug 2012,25,Saturday,True
2012-08-26,2012,2012Q3,8,August,Aug 2012,26,Sunday,True
2012-08-27,2012,2012Q3,8,August,Aug 2012,27,Monday,False
2012-08-28,2012,2012Q3,8,August,Aug 2012,28,Tuesday,False
2012-08-29,2012,2012Q3,8,August,Aug 2012,29,Wednesday,False
2012-08-30,2012,2012Q3,8,August,Aug 2012,30,Thursday,False
2012-08-31,2012,2012Q3,8,August,Aug 2012,31,Friday,False
2012-09-01,2012,2012Q3,9,September,Sep 2012,1,Saturday,True
2012-09-02,2012,2012Q3,9,September,Sep 2012,2,Sunday,True
2012-09-03,2012,2012Q3,9,September,Sep 2012,3,Monday,False
2012-09-04,2012,2012Q3,9,September,Sep 2012,4,Tuesday,False
2012-09-05,2012,2012Q3,9,September,Sep 2012,5,Wednesday,False
2012-09-06,2012,2012Q3,9,September,Sep 2012,6,Thursday,False
2012-09-07,2012,2012Q3,9,September,Sep 2012,7,Friday,False
2012-09-08,2012,2012Q3,9,September,Sep 2012,8,Saturday,True
2012-09-09,2012,2012Q3,9,September,Sep 2012,9,Sunday,True
2012-09-10,2012,2012Q3,9,September,Sep 2012,10,Monday,False
2012-09-11,2012,2012Q3,9,September,Sep 2012,11,Tuesday,False
2012-09-12,2012,2012Q3,9,September,Sep 2012,12,Wednesday,False
2012-09-13,2012,2012Q3,9,September,Sep 2012,13,Thursday,False
2012-09-14,2012,2012Q3,9,September,Sep 2012,14,Friday,False
2012-09-15,2012,2012Q3,9,September,Sep 2012,15,Saturday,True
2012-09-16,2012,2012Q3,9,September,Sep 2012,16,Sunday,True
2012-09-17,2012,2012Q3,9,September,Sep 2012,17,Monday,False
2012-09-18,2012,2012Q3,9,September,Sep 2012,18,Tuesday,False
2012-09-19,2012,2012Q3,9,September,Sep 2012,19,Wednesday,False
2012-09-20,2012,2012Q3,9,September,Sep 2012,20,Thursday,False
2012-09-21,2012,2012Q3,9,September,Sep 2012,21,Friday,False
2012-09-22,2012,2012Q3,9,September,Sep 2012,22,Saturday,True
2012-09-23,2012,2012Q3,9,September,Sep 2012,23,Sunday,True
2012-09-24,2012,2012Q3,9,September,Sep 2012,24,Monday,False
2012-09-25,2012,2012Q3,9,September,Sep 2012,25,Tuesday,False
2012-09-26,2012,2012Q3,9,September,Sep 2012,26,Wednesday,False
2012-09-27,2012,2012Q3,9,September,Sep 2012,27,Thursday,False
2012-09-28,2012,2012Q3,9,September,Sep 2012,28,Friday,False
2012-09-29,2012,2012Q3,9,September,Sep 2012,29,Saturday,True
2012-09-30,2012,2012Q3,9,September,Sep 2012,30,Sunday,True
2012-10-01,2012,2012Q4,10,October,Oct 2012,1,Monday,False
2012-10-02,2012,2012Q4,10,October,Oct 2012,2,Tuesday,False
2012-10-03,2012,2012Q4,10,October,Oct 2012,3,Wednesday,False
2012-10-04,2012,2012Q4,10,October,Oct 2012,4,Thursday,False
2012-10-05,2012,2012Q4,10,October,Oct 2012,5,Friday,False
2012-10-06,2012,2012Q4,10,October,Oct 2012,6,Saturday,True
2012-10-07,2012,2012Q4,10,October,Oct 2012,7,Sunday,True
2012-10-08,2012,2012Q4,10,October,Oct 2012,8,Monday,False
2012-10-09,2012,2012Q4,10,October,Oct 2012,9,Tuesday,False
2012-10-10,2012,2012Q4,10,October,Oct 2012,10,Wednesday,False
2012-10-11,2012,2012Q4,10,October,Oct 2012,11,Thursday,False
2012-10-12,2012,2012Q4,10,October,Oct 2012,12,Friday,False
2012-10-13,2012,2012Q4,10,October,Oct 2012,13,Saturday,True
2012-10-14,2012,2012Q4,10,October,Oct 2012,14,Sunday,True
2012-10-15,2012,2012Q4,10,October,Oct 2012,15,Monday,False
2012-10-16,2012,2012Q4,10,October,Oct 2012,16,Tuesday,False
2012-10-17,2012,2012Q4,10,October,Oct 2012,17,Wednesday,False
2012-10-18,2012,2012Q4,10,October,Oct 2012,18,Thursday,False
2012-10-19,2012,2012Q4,10,October,Oct 2012,19,Friday,False
2012-10-20,2012,2012Q4,10,October,Oct 2012,20,Saturday,True
2012-10-21,2012,2012Q4,10,October,Oct 2012,21,Sunday,True
2012-10-22,2012,2012Q4,10,October,Oct 2012,22,Monday,False
2012-10-23,2012,2012Q4,10,October,Oct 2012,23,Tuesday,False
2012-10-24,2012,2012Q4,10,October,Oct 2012,24,Wednesday,False
2012-10-25,2012,2012Q4,10,October,Oct 2012,25,Thursday,False
2012-10-26,2012,2012Q4,10,October,Oct 2012,26,Friday,False
2012-10-27,2012,2012Q4,10,October,Oct 2012,27,Saturday,True
2012-10-28,2012,2012Q4,10,October,Oct 2012,28,Sunday,True
2012-10-29,2012,2012Q4,10,October,Oct 2012,29,Monday,False
2012-10-30,2012,2012Q4,10,October,Oct 2012,30,Tuesday,False
2012-10-31,2012,2012Q4,10,October,Oct 2012,31,Wednesday,False
2012-11-01,2012,2012Q4,11,November,Nov 2012,1,Thursday,False
2012-11-02,2012,2012Q4,11,November,Nov 2012,2,Friday,False
2012-11-03,2012,2012Q4,11,November,Nov 2012,3,Saturday,True
2012-11-04,2012,2012Q4,11,November,Nov 2012,4,Sunday,True
2012-11-05,2012,2012Q4,11,November,Nov 2012,5,Monday,False
2012-11-06,2012,2012Q4,11,November,Nov 2012,6,Tuesday,False
2012-11-07,2012,2012Q4,11,November,Nov 2012,7,Wednesday,False
2012-11-08,2012,2012Q4,11,November,Nov 2012,8,Thursday,False
2012-11-09,2012,2012Q4,11,November,Nov 2012,9,Friday,False
2012-11-10,2012,2012Q4,11,November,Nov 2012,10,Saturday,True
2012-11-11,2012,2012Q4,11,November,Nov 2012,11,Sunday,True
2012-11-12,2012,2012Q4,11,November,Nov 2012,12,Monday,False
2012-11-13,2012,2012Q4,11,November,Nov 2012,13,Tuesday,False
2012-11-14,2012,2012Q4,11,November,Nov 2012,14,Wednesday,False
2012-11-15,2012,2012Q4,11,November,Nov 2012,15,Thursday,False
2012-11-16,2012,2012Q4,11,November,Nov 2012,16,Friday,False
2012-11-17,2012,2012Q4,11,November,Nov 2012,17,Saturday,True
2012-11-18,2012,2012Q4,11,November,Nov 2012,18,Sunday,True
2012-11-19,2012,2012Q4,11,November,Nov 2012,19,Monday,False
2012-11-20,2012,2012Q4,11,November,Nov 2012,20,Tuesday,False
2012-11-21,2012,2012Q4,11,November,Nov 2012,21,Wednesday,False
2012-11-22,2012,2012Q4,11,November,Nov 2012,22,Thursday,False
2012-11-23,2012,2012Q4,11,November,Nov 2012,23,Friday,False
2012-11-24,2012,2012Q4,11,November,Nov 2012,24,Saturday,True
2012-11-25,2012,2012Q4,11,November,Nov 2012,25,Sunday,True
2012-11-26,2012,2012Q4,11,November,Nov 2012,26,Monday,False
2012-11-27,2012,2012Q4,11,November,Nov 2012,27,Tuesday,False
2012-11-28,2012,2012Q4,11,November,Nov 2012,28,Wednesday,False
2012-11-29,2012,2012Q4,11,November,Nov 2012,29,Thursday,False
2012-11-30,2012,2012Q4,11,November,Nov 2012,30,Friday,False
2012-12-01,2012,2012Q4,12,December,Dec 2012,1,Saturday,True
2012-12-02,2012,2012Q4,12,December,Dec 2012,2,Sunday,True
2012-12-03,2012,2012Q4,12,December,Dec 2012,3,Monday,False
2012-12-04,2012,2012Q4,12,December,Dec 2012,4,Tuesday,False
2012-12-05,2012,2012Q4,12,December,Dec 2012,5,Wednesday,False
2012-12-06,2012,2012Q4,12,December,Dec 2012,6,Thursday,False
2012-12-07,2012,2012Q4,12,December,Dec 2012,7,Friday,False
2012-12-08,2012,2012Q4,12,December,Dec 2012,8,Saturday,True
2012-12-09,2012,2012Q4,12,December,Dec 2012,9,Sunday,True
2012-12-10,2012,2012Q4,12,December,Dec 2012,10,Monday,False
2012-12-11,2012,2012Q4,12,December,Dec 2012,11,Tuesday,False
2012-12-12,2012,2012Q4,12,December,Dec 2012,12,Wednesday,False
2012-12-13,2012,2012Q4,12,December,Dec 2012,13,Thursday,False
2012-12-14,2012,2012Q4,12,December,Dec 2012,14,Friday,False
2012-12-15,2012,2012Q4,12,December,Dec 2012,15,Saturday,True
2012-12-16,2012,2012Q4,12,December,Dec 2012,16,Sunday,True
2012-12-17,2012,2012Q4,12,December,Dec 2012,17,Monday,False
2012-12-18,2012,2012Q4,12,December,Dec 2012,18,Tuesday,False
2012-12-19,2012,2012Q4,12,December,Dec 2012,19,Wednesday,False
2012-12-20,2012,2012Q4,12,December,Dec 2012,20,Thursday,False
2012-12-21,2012,2012Q4,12,December,Dec 2012,21,Friday,False
2012-12-22,2012,2012Q4,12,December,Dec 2012,22,Saturday,True
2012-12-23,2012,2012Q4,12,December,Dec 2012,23,Sunday,True
2012-12-24,2012,2012Q4,12,December,Dec 2012,24,Monday,False
2012-12-25,2012,2012Q4,12,December,Dec 2012,25,Tuesday,False
2012-12-26,2012,2012Q4,12,December,Dec 2012,26,Wednesday,False
2012-12-27,2012,2012Q4,12,December,Dec 2012,27,Thursday,False
2012-12-28,2012,2012Q4,12,December,Dec 2012,28,Friday,False
2012-12-29,2012,2012Q4,12,December,Dec 2012,29,Saturday,True
2012-12-30,2012,2012Q4,12,December,Dec 2012,30,Sunday,True
2012-12-31,2012,2012Q4,12,December,Dec 2012,31,Monday,False
2013-01-01,2013,2013Q1,1,January,Jan 2013,1,Tuesday,False
2013-01-02,2013,2013Q1,1,January,Jan 2013,2,Wednesday,False
2013-01-03,2013,2013Q1,1,January,Jan 2013,3,Thursday,False
2013-01-04,2013,2013Q1,1,January,Jan 2013,4,Friday,False
2013-01-05,2013,2013Q1,1,January,Jan 2013,5,Saturday,True
2013-01-06,2013,2013Q1,1,January,Jan 2013,6,Sunday,True
2013-01-07,2013,2013Q1,1,January,Jan 2013,7,Monday,False
2013-01-08,2013,2013Q1,1,January,Jan 2013,8,Tuesday,False
2013-01-09,2013,2013Q1,1,January,Jan 2013,9,Wednesday,False
2013-01-10,2013,2013Q1,1,January,Jan 2013,10,Thursday,False
2013-01-11,2013,2013Q1,1,January,Jan 2013,11,Friday,False
2013-01-12,2013,2013Q1,1,January,Jan 2013,12,Saturday,True
2013-01-13,2013,2013Q1,1,January,Jan 2013,13,Sunday,True
2013-01-14,2013,2013Q1,1,January,Jan 2013,14,Monday,False
2013-01-15,2013,2013Q1,1,January,Jan 2013,15,Tuesday,False
2013-01-16,2013,2013Q1,1,January,Jan 2013,16,Wednesday,False
2013-01-17,2013,2013Q1,1,January,Jan 2013,17,Thursday,False
2013-01-18,2013,2013Q1,1,January,Jan 2013,18,Friday,False
2013-01-19,2013,2013Q1,1,January,Jan 2013,19,Saturday,True
2013-01-20,2013,2013Q1,1,January,Jan 2013,20,Sunday,True
2013-01-21,2013,2013Q1,1,January,Jan 2013,21,Monday,False
2013-01-22,2013,2013Q1,1,January,Jan 2013,22,Tuesday,False
2013-01-23,2013,2013Q1,1,January,Jan 2013,23,Wednesday,False
2013-01-24,2013,2013Q1,1,January,Jan 2013,24,Thursday,False
2013-01-25,2013,2013Q1,1,January,Jan 2013,25,Friday,False
2013-01-26,2013,2013Q1,1,January,Jan 2013,26,Saturday,True
2013-01-27,2013,2013Q1,1,January,Jan 2013,27,Sunday,True
2013-01-28,2013,2013Q1,1,January,Jan 2013,28,Monday,False
2013-01-29,2013,2013Q1,1,January,Jan 2013,29,Tuesday,False
2013-01-30,2013,2013Q1,1,January,Jan 2013,30,Wednesday,False
2013-01-31,2013,2013Q1,1,January,Jan 2013,31,Thursday,False
2013-02-01,2013,2013Q1,2,February,Feb 2013,1,Friday,False
2013-02-02,2013,2013Q1,2,February,Feb 2013,2,Saturday,True
2013-02-03,2013,2013Q1,2,February,Feb 2013,3,Sunday,True
2013-02-04,2013,2013Q1,2,February,Feb 2013,4,Monday,False
2013-02-05,2013,2013Q1,2,February,Feb 2013,5,Tuesday,False
2013-02-06,2013,2013Q1,2,February,Feb 2013,6,Wednesday,False
2013-02-07,2013,2013Q1,2,February,Feb 2013,7,Thursday,False
2013-02-08,2013,2013Q1,2,February,Feb 2013,8,Friday,False
2013-02-09,2013,2013Q1,2,February,Feb 2013,9,Saturday,True
2013-02-10,2013,2013Q1,2,February,Feb 2013,10,Sunday,True
2013-02-11,2013,2013Q1,2,February,Feb 2013,11,Monday,False
2013-02-12,2013,2013Q1,2,February,Feb 2013,12,Tuesday,False
2013-02-13,2013,2013Q1,2,February,Feb 2013,13,Wednesday,False
2013-02-14,2013,2013Q1,2,February,Feb 2013,14,Thursday,False
2013-02-15,2013,2013Q1,2,February,Feb 2013,15,Friday,False
2013-02-16,2013,2013Q1,2,February,Feb 2013,16,Saturday,True
2013-02-17,2013,2013Q1,2,February,Feb 2013,17,Sunday,True
2013-02-18,2013,2013Q1,2,February,Feb 2013,18,Monday,False
2013-02-19,2013,2013Q1,2,February,Feb 2013,19,Tuesday,False
2013-02-20,2013,2013Q1,2,February,Feb 2013,20,Wednesday,False
2013-02-21,2013,2013Q1,2,February,Feb 2013,21,Thursday,False
2013-02-22,2013,2013Q1,2,February,Feb 2013,22,Friday,False
2013-02-23,2013,2013Q1,2,February,Feb 2013,23,Saturday,True
2013-02-24,2013,2013Q1,2,February,Feb 2013,24,Sunday,True
2013-02-25,2013,2013Q1,2,February,Feb 2013,25,Monday,False
2013-02-26,2013,2013Q1,2,February,Feb 2013,26,Tuesday,False
2013-02-27,2013,2013Q1,2,February,Feb 2013,27,Wednesday,False
2013-02-28,2013,2013Q1,2,February,Feb 2013,28,Thursday,False
2013-03-01,2013,2013Q1,3,March,Mar 2013,1,Friday,False
2013-03-02,2013,2013Q1,3,March,Mar 2013,2,Saturday,True
2013-03-03,2013,2013Q1,3,March,Mar 2013,3,Sunday,True
2013-03-04,2013,2013Q1,3,March,Mar 2013,4,Monday,False
2013-03-05,2013,2013Q1,3,March,Mar 2013,5,Tuesday,False
2013-03-06,2013,2013Q1,3,March,Mar 2013,6,Wednesday,False
2013-03-07,2013,2013Q1,3,March,Mar 2013,7,Thursday,False
2013-03-08,2013,2013Q1,3,March,Mar 2013,8,Friday,False
2013-03-09,2013,2013Q1,3,March,Mar 2013,9,Saturday,True
2013-03-10,2013,2013Q1,3,March,Mar 2013,10,Sunday,True
2013-03-11,2013,2013Q1,3,March,Mar 2013,11,Monday,False
2013-03-12,2013,2013Q1,3,March,Mar 2013,12,Tuesday,False
2013-03-13,2013,2013Q1,3,March,Mar 2013,13,Wednesday,False
2013-03-14,2013,2013Q1,3,March,Mar 2013,14,Thursday,False
2013-03-15,2013,2013Q1,3,March,Mar 2013,15,Friday,False
2013-03-16,2013,2013Q1,3,March,Mar 2013,16,Saturday,True
2013-03-17,2013,2013Q1,3,March,Mar 2013,17,Sunday,True
2013-03-18,2013,2013Q1,3,March,Mar 2013,18,Monday,False
2013-03-19,2013,2013Q1,3,March,Mar 2013,19,Tuesday,False
2013-03-20,2013,2013Q1,3,March,Mar 2013,20,Wednesday,False
2013-03-21,2013,2013Q1,3,March,Mar 2013,21,Thursday,False
2013-03-22,2013,2013Q1,3,March,Mar 2013,22,Friday,False
2013-03-23,2013,2013Q1,3,March,Mar 2013,23,Saturday,True
2013-03-24,2013,2013Q1,3,March,Mar 2013,24,Sunday,True
2013-03-25,2013,2013Q1,3,March,Mar 2013,25,Monday,False
2013-03-26,2013,2013Q1,3,March,Mar 2013,26,Tuesday,False
2013-03-27,2013,2013Q1,3,March,Mar 2013,27,Wednesday,False
2013-03-28,2013,2013Q1,3,March,Mar 2013,28,Thursday,False
2013-03-29,2013,2013Q1,3,March,Mar 2013,29,Friday,False
2013-03-30,2013,2013Q1,3,March,Mar 2013,30,Saturday,True
2013-03-31,2013,2013Q1,3,March,Mar 2013,31,Sunday,True
2013-04-01,2013,2013Q2,4,April,Apr 2013,1,Monday,False
2013-04-02,2013,2013Q2,4,April,Apr 2013,2,Tuesday,False
2013-04-03,2013,2013Q2,4,April,Apr 2013,3,Wednesday,False
2013-04-04,2013,2013Q2,4,April,Apr 2013,4,Thursday,False
2013-04-05,2013,2013Q2,4,April,Apr 2013,5,Friday,False
2013-04-06,2013,2013Q2,4,April,Apr 2013,6,Saturday,True
2013-04-07,2013,2013Q2,4,April,Apr 2013,7,Sunday,True
2013-04-08,2013,2013Q2,4,April,Apr 2013,8,Monday,False
2013-04-09,2013,2013Q2,4,April,Apr 2013,9,Tuesday,False
2013-04-10,2013,2013Q2,4,April,Apr 2013,10,Wednesday,False
2013-04-11,2013,2013Q2,4,April,Apr 2013,11,Thursday,False
2013-04-12,2013,2013Q2,4,April,Apr 2013,12,Friday,False
2013-04-13,2013,2013Q2,4,April,Apr 2013,13,Saturday,True
2013-04-14,2013,2013Q2,4,April,Apr 2013,14,Sunday,True
2013-04-15,2013,2013Q2,4,April,Apr 2013,15,Monday,False
2013-04-16,2013,2013Q2,4,April,Apr 2013,16,Tuesday,False
2013-04-17,2013,2013Q2,4,April,Apr 2013,17,Wednesday,False
2013-04-18,2013,2013Q2,4,April,Apr 2013,18,Thursday,False
2013-04-19,2013,2013Q2,4,April,Apr 2013,19,Friday,False
2013-04-20,2013,2013Q2,4,April,Apr 2013,20,Saturday,True
2013-04-21,2013,2013Q2,4,April,Apr 2013,21,Sunday,True
2013-04-22,2013,2013Q2,4,April,Apr 2013,22,Monday,False
2013-04-23,2013,2013Q2,4,April,Apr 2013,23,Tuesday,False
2013-04-24,2013,2013Q2,4,April,Apr 2013,24,Wednesday,False
2013-04-25,2013,2013Q2,4,April,Apr 2013,25,Thursday,False
2013-04-26,2013,2013Q2,4,April,Apr 2013,26,Friday,False
2013-04-27,2013,2013Q2,4,April,Apr 2013,27,Saturday,True
2013-04-28,2013,2013Q2,4,April,Apr 2013,28,Sunday,True
2013-04-29,2013,2013Q2,4,April,Apr 2013,29,Monday,False
2013-04-30,2013,2013Q2,4,April,Apr 2013,30,Tuesday,False
2013-05-01,2013,2013Q2,5,May,May 2013,1,Wednesday,False
2013-05-02,2013,2013Q2,5,May,May 2013,2,Thursday,False
2013-05-03,2013,2013Q2,5,May,May 2013,3,Friday,False
2013-05-04,2013,2013Q2,5,May,May 2013,4,Saturday,True
2013-05-05,2013,2013Q2,5,May,May 2013,5,Sunday,True
2013-05-06,2013,2013Q2,5,May,May 2013,6,Monday,False
2013-05-07,2013,2013Q2,5,May,May 2013,7,Tuesday,False
2013-05-08,2013,2013Q2,5,May,May 2013,8,Wednesday,False
2013-05-09,2013,2013Q2,5,May,May 2013,9,Thursday,False
2013-05-10,2013,2013Q2,5,May,May 2013,10,Friday,False
2013-05-11,2013,2013Q2,5,May,May 2013,11,Saturday,True
2013-05-12,2013,2013Q2,5,May,May 2013,12,Sunday,True
2013-05-13,2013,2013Q2,5,May,May 2013,13,Monday,False
2013-05-14,2013,2013Q2,5,May,May 2013,14,Tuesday,False
2013-05-15,2013,2013Q2,5,May,May 2013,15,Wednesday,False
2013-05-16,2013,2013Q2,5,May,May 2013,16,Thursday,False
2013-05-17,2013,2013Q2,5,May,May 2013,17,Friday,False
2013-05-18,2013,2013Q2,5,May,May 2013,18,Saturday,True
2013-05-19,2013,2013Q2,5,May,May 2013,19,Sunday,True
2013-05-20,2013,2013Q2,5,May,May 2013,20,Monday,False
2013-05-21,2013,2013Q2,5,May,May 2013,21,Tuesday,False
2013-05-22,2013,2013Q2,5,May,May 2013,22,Wednesday,False
2013-05-23,2013,2013Q2,5,May,May 2013,23,Thursday,False
2013-05-24,2013,2013Q2,5,May,May 2013,24,Friday,False
2013-05-25,2013,2013Q2,5,May,May 2013,25,Saturday,True
2013-05-26,2013,2013Q2,5,May,May 2013,26,Sunday,True
2013-05-27,2013,2013Q2,5,May,May 2013,27,Monday,False
2013-05-28,2013,2013Q2,5,May,May 2013,28,Tuesday,False
2013-05-29,2013,2013Q2,5,May,May 2013,29,Wednesday,False
2013-05-30,2013,2013Q2,5,May,May 2013,30,Thursday,False
2013-05-31,2013,2013Q2,5,May,May 2013,31,Friday,False
2013-06-01,2013,2013Q2,6,June,Jun 2013,1,Saturday,True
2013-06-02,2013,2013Q2,6,June,Jun 2013,2,Sunday,True
2013-06-03,2013,2013Q2,6,June,Jun 2013,3,Monday,False
2013-06-04,2013,2013Q2,6,June,Jun 2013,4,Tuesday,False
2013-06-05,2013,2013Q2,6,June,Jun 2013,5,Wednesday,False
2013-06-06,2013,2013Q2,6,June,Jun 2013,6,Thursday,False
2013-06-07,2013,2013Q2,6,June,Jun 2013,7,Friday,False
2013-06-08,2013,2013Q2,6,June,Jun 2013,8,Saturday,True
2013-06-09,2013,2013Q2,6,June,Jun 2013,9,Sunday,True
2013-06-10,2013,2013Q2,6,June,Jun 2013,10,Monday,False
2013-06-11,2013,2013Q2,6,June,Jun 2013,11,Tuesday,False
2013-06-12,2013,2013Q2,6,June,Jun 2013,12,Wednesday,False
2013-06-13,2013,2013Q2,6,June,Jun 2013,13,Thursday,False
2013-06-14,2013,2013Q2,6,June,Jun 2013,14,Friday,False
2013-06-15,2013,2013Q2,6,June,Jun 2013,15,Saturday,True
2013-06-16,2013,2013Q2,6,June,Jun 2013,16,Sunday,True
2013-06-17,2013,2013Q2,6,June,Jun 2013,17,Monday,False
2013-06-18,2013,2013Q2,6,June,Jun 2013,18,Tuesday,False
2013-06-19,2013,2013Q2,6,June,Jun 2013,19,Wednesday,False
2013-06-20,2013,2013Q2,6,June,Jun 2013,20,Thursday,False
2013-06-21,2013,2013Q2,6,June,Jun 2013,21,Friday,False
2013-06-22,2013,2013Q2,6,June,Jun 2013,22,Saturday,True
2013-06-23,2013,2013Q2,6,June,Jun 2013,23,Sunday,True
2013-06-24,2013,2013Q2,6,June,Jun 2013,24,Monday,False
2013-06-25,2013,2013Q2,6,June,Jun 2013,25,Tuesday,False
2013-06-26,2013,2013Q2,6,June,Jun 2013,26,Wednesday,False
2013-06-27,2013,2013Q2,6,June,Jun 2013,27,Thursday,False
2013-06-28,2013,2013Q2,6,June,Jun 2013,28,Friday,False
2013-06-29,2013,2013Q2,6,June,Jun 2013,29,Saturday,True
2013-06-30,2013,2013Q2,6,June,Jun 2013,30,Sunday,True
2013-07-01,2013,2013Q3,7,July,Jul 2013,1,Monday,False
2013-07-02,2013,2013Q3,7,July,Jul 2013,2,Tuesday,False
2013-07-03,2013,2013Q3,7,July,Jul 2013,3,Wednesday,False
2013-07-04,2013,2013Q3,7,July,Jul 2013,4,Thursday,False
2013-07-05,2013,2013Q3,7,July,Jul 2013,5,Friday,False
2013-07-06,2013,2013Q3,7,July,Jul 2013,6,Saturday,True
2013-07-07,2013,2013Q3,7,July,Jul 2013,7,Sunday,True
2013-07-08,2013,2013Q3,7,July,Jul 2013,8,Monday,False
2013-07-09,2013,2013Q3,7,July,Jul 2013,9,Tuesday,False
2013-07-10,2013,2013Q3,7,July,Jul 2013,10,Wednesday,False
2013-07-11,2013,2013Q3,7,July,Jul 2013,11,Thursday,False
2013-07-12,2013,2013Q3,7,July,Jul 2013,12,Friday,False
2013-07-13,2013,2013Q3,7,July,Jul 2013,13,Saturday,True
2013-07-14,2013,2013Q3,7,July,Jul 2013,14,Sunday,True
2013-07-15,2013,2013Q3,7,July,Jul 2013,15,Monday,False
2013-07-16,2013,2013Q3,7,July,Jul 2013,16,Tuesday,False
2013-07-17,2013,2013Q3,7,July,Jul 2013,17,Wednesday,False
2013-07-18,2013,2013Q3,7,July,Jul 2013,18,Thursday,False
2013-07-19,2013,2013Q3,7,July,Jul 2013,19,Friday,False
2013-07-20,2013,2013Q3,7,July,Jul 2013,20,Saturday,True
2013-07-21,2013,2013Q3,7,July,Jul 2013,21,Sunday,True
2013-07-22,2013,2013Q3,7,July,Jul 2013,22,Monday,False
2013-07-23,2013,2013Q3,7,July,Jul 2013,23,Tuesday,False
2013-07-24,2013,2013Q3,7,July,Jul 2013,24,Wednesday,False
2013-07-25,2013,2013Q3,7,July,Jul 2013,25,Thursday,False
2013-07-26,2013,2013Q3,7,July,Jul 2013,26,Friday,False
2013-07-27,2013,2013Q3,7,July,Jul 2013,27,Saturday,True
2013-07-28,2013,2013Q3,7,July,Jul 2013,28,Sunday,True
2013-07-29,2013,2013Q3,7,July,Jul 2013,29,Monday,False
2013-07-30,2013,2013Q3,7,July,Jul 2013,30,Tuesday,False
2013-07-31,2013,2013Q3,7,July,Jul 2013,31,Wednesday,False
2013-08-01,2013,2013Q3,8,August,Aug 2013,1,Thursday,False
2013-08-02,2013,2013Q3,8,August,Aug 2013,2,Friday,False
2013-08-03,2013,2013Q3,8,August,Aug 2013,3,Saturday,True
2013-08-04,2013,2013Q3,8,August,Aug 2013,4,Sunday,True
2013-08-05,2013,2013Q3,8,August,Aug 2013,5,Monday,False
2013-08-06,2013,2013Q3,8,August,Aug 2013,6,Tuesday,False
2013-08-07,2013,2013Q3,8,August,Aug 2013,7,Wednesday,False
2013-08-08,2013,2013Q3,8,August,Aug 2013,8,Thursday,False
2013-08-09,2013,2013Q3,8,August,Aug 2013,9,Friday,False
2013-08-10,2013,2013Q3,8,August,Aug 2013,10,Saturday,True
2013-08-11,2013,2013Q3,8,August,Aug 2013,11,Sunday,True
2013-08-12,2013,2013Q3,8,August,Aug 2013,12,Monday,False
2013-08-13,2013,2013Q3,8,August,Aug 2013,13,Tuesday,False
2013-08-14,2013,2013Q3,8,August,Aug 2013,14,Wednesday,False
2013-08-15,2013,2013Q3,8,August,Aug 2013,15,Thursday,False
2013-08-16,2013,2013Q3,8,August,Aug 2013,16,Friday,False
2013-08-17,2013,2013Q3,8,August,Aug 2013,17,Saturday,True
2013-08-18,2013,2013Q3,8,August,Aug 2013,18,Sunday,True
2013-08-19,2013,2013Q3,8,August,Aug 2013,19,Monday,False
2013-08-20,2013,2013Q3,8,August,Aug 2013,20,Tuesday,False
2013-08-21,2013,2013Q3,8,August,Aug 2013,21,Wednesday,False
2013-08-22,2013,2013Q3,8,August,Aug 2013,22,Thursday,False
2013-08-23,2013,2013Q3,8,August,Aug 2013,23,Friday,False
2013-08-24,2013,2013Q3,8,August,Aug 2013,24,Saturday,True
2013-08-25,2013,2013Q3,8,August,Aug 2013,25,Sunday,True
2013-08-26,2013,2013Q3,8,August,Aug 2013,26,Monday,False
2013-08-27,2013,2013Q3,8,August,Aug 2013,27,Tuesday,False
2013-08-28,2013,2013Q3,8,August,Aug 2013,28,Wednesday,False
2013-08-29,2013,2013Q3,8,August,Aug 2013,29,Thursday,False
2013-08-30,2013,2013Q3,8,August,Aug 2013,30,Friday,False
2013-08-31,2013,2013Q3,8,August,Aug 2013,31,Saturday,True
2013-09-01,2013,2013Q3,9,September,Sep 2013,1,Sunday,True
2013-09-02,2013,2013Q3,9,September,Sep 2013,2,Monday,False
2013-09-03,2013,2013Q3,9,September,Sep 2013,3,Tuesday,False
2013-09-04,2013,2013Q3,9,September,Sep 2013,4,Wednesday,False
2013-09-05,2013,2013Q3,9,September,Sep 2013,5,Thursday,False
2013-09-06,2013,2013Q3,9,September,Sep 2013,6,Friday,False
2013-09-07,2013,2013Q3,9,September,Sep 2013,7,Saturday,True
2013-09-08,2013,2013Q3,9,September,Sep 2013,8,Sunday,True
2013-09-09,2013,2013Q3,9,September,Sep 2013,9,Monday,False
2013-09-10,2013,2013Q3,9,September,Sep 2013,10,Tuesday,False
2013-09-11,2013,2013Q3,9,September,Sep 2013,11,Wednesday,False
2013-09-12,2013,2013Q3,9,September,Sep 2013,12,Thursday,False
2013-09-13,2013,2013Q3,9,September,Sep 2013,13,Friday,False
2013-09-14,2013,2013Q3,9,September,Sep 2013,14,Saturday,True
2013-09-15,2013,2013Q3,9,September,Sep 2013,15,Sunday,True
2013-09-16,2013,2013Q3,9,September,Sep 2013,16,Monday,False
2013-09-17,2013,2013Q3,9,September,Sep 2013,17,Tuesday,False
2013-09-18,2013,2013Q3,9,September,Sep 2013,18,Wednesday,False
2013-09-19,2013,2013Q3,9,September,Sep 2013,19,Thursday,False
2013-09-20,2013,2013Q3,9,September,Sep 2013,20,Friday,False
2013-09-21,2013,2013Q3,9,September,Sep 2013,21,Saturday,True
2013-09-22,2013,2013Q3,9,September,Sep 2013,22,Sunday,True
2013-09-23,2013,2013Q3,9,September,Sep 2013,23,Monday,False
2013-09-24,2013,2013Q3,9,September,Sep 2013,24,Tuesday,False
2013-09-25,2013,2013Q3,9,September,Sep 2013,25,Wednesday,False
2013-09-26,2013,2013Q3,9,September,Sep 2013,26,Thursday,False
2013-09-27,2013,2013Q3,9,September,Sep 2013,27,Friday,False
2013-09-28,2013,2013Q3,9,September,Sep 2013,28,Saturday,True
2013-09-29,2013,2013Q3,9,September,Sep 2013,29,Sunday,True
2013-09-30,2013,2013Q3,9,September,Sep 2013,30,Monday,False
2013-10-01,2013,2013Q4,10,October,Oct 2013,1,Tuesday,False
2013-10-02,2013,2013Q4,10,October,Oct 2013,2,Wednesday,False
2013-10-03,2013,2013Q4,10,October,Oct 2013,3,Thursday,False
2013-10-04,2013,2013Q4,10,October,Oct 2013,4,Friday,False
2013-10-05,2013,2013Q4,10,October,Oct 2013,5,Saturday,True
2013-10-06,2013,2013Q4,10,October,Oct 2013,6,Sunday,True
2013-10-07,2013,2013Q4,10,October,Oct 2013,7,Monday,False
2013-10-08,2013,2013Q4,10,October,Oct 2013,8,Tuesday,False
2013-10-09,2013,2013Q4,10,October,Oct 2013,9,Wednesday,False
2013-10-10,2013,2013Q4,10,October,Oct 2013,10,Thursday,False
2013-10-11,2013,2013Q4,10,October,Oct 2013,11,Friday,False
2013-10-12,2013,2013Q4,10,October,Oct 2013,12,Saturday,True
2013-10-13,2013,2013Q4,10,October,Oct 2013,13,Sunday,True
2013-10-14,2013,2013Q4,10,October,Oct 2013,14,Monday,False
2013-10-15,2013,2013Q4,10,October,Oct 2013,15,Tuesday,False
2013-10-16,2013,2013Q4,10,October,Oct 2013,16,Wednesday,False
2013-10-17,2013,2013Q4,10,October,Oct 2013,17,Thursday,False
2013-10-18,2013,2013Q4,10,October,Oct 2013,18,Friday,False
2013-10-19,2013,2013Q4,10,October,Oct 2013,19,Saturday,True
2013-10-20,2013,2013Q4,10,October,Oct 2013,20,Sunday,True
2013-10-21,2013,2013Q4,10,October,Oct 2013,21,Monday,False
2013-10-22,2013,2013Q4,10,October,Oct 2013,22,Tuesday,False
2013-10-23,2013,2013Q4,10,October,Oct 2013,23,Wednesday,False
2013-10-24,2013,2013Q4,10,October,Oct 2013,24,Thursday,False
2013-10-25,2013,2013Q4,10,October,Oct 2013,25,Friday,False
2013-10-26,2013,2013Q4,10,October,Oct 2013,26,Saturday,True
2013-10-27,2013,2013Q4,10,October,Oct 2013,27,Sunday,True
2013-10-28,2013,2013Q4,10,October,Oct 2013,28,Monday,False
2013-10-29,2013,2013Q4,10,October,Oct 2013,29,Tuesday,False
2013-10-30,2013,2013Q4,10,October,Oct 2013,30,Wednesday,False
2013-10-31,2013,2013Q4,10,October,Oct 2013,31,Thursday,False
2013-11-01,2013,2013Q4,11,November,Nov 2013,1,Friday,False
2013-11-02,2013,2013Q4,11,November,Nov 2013,2,Saturday,True
2013-11-03,2013,2013Q4,11,November,Nov 2013,3,Sunday,True
2013-11-04,2013,2013Q4,11,November,Nov 2013,4,Monday,False
2013-11-05,2013,2013Q4,11,November,Nov 2013,5,Tuesday,False
2013-11-06,2013,2013Q4,11,November,Nov 2013,6,Wednesday,False
2013-11-07,2013,2013Q4,11,November,Nov 2013,7,Thursday,False
2013-11-08,2013,2013Q4,11,November,Nov 2013,8,Friday,False
2013-11-09,2013,2013Q4,11,November,Nov 2013,9,Saturday,True
2013-11-10,2013,2013Q4,11,November,Nov 2013,10,Sunday,True
2013-11-11,2013,2013Q4,11,November,Nov 2013,11,Monday,False
2013-11-12,2013,2013Q4,11,November,Nov 2013,12,Tuesday,False
2013-11-13,2013,2013Q4,11,November,Nov 2013,13,Wednesday,False
2013-11-14,2013,2013Q4,11,November,Nov 2013,14,Thursday,False
2013-11-15,2013,2013Q4,11,November,Nov 2013,15,Friday,False
2013-11-16,2013,2013Q4,11,November,Nov 2013,16,Saturday,True
2013-11-17,2013,2013Q4,11,November,Nov 2013,17,Sunday,True
2013-11-18,2013,2013Q4,11,November,Nov 2013,18,Monday,False
2013-11-19,2013,2013Q4,11,November,Nov 2013,19,Tuesday,False
2013-11-20,2013,2013Q4,11,November,Nov 2013,20,Wednesday,False
2013-11-21,2013,2013Q4,11,November,Nov 2013,21,Thursday,False
2013-11-22,2013,2013Q4,11,November,Nov 2013,22,Friday,False
2013-11-23,2013,2013Q4,11,November,Nov 2013,23,Saturday,True
2013-11-24,2013,2013Q4,11,November,Nov 2013,24,Sunday,True
2013-11-25,2013,2013Q4,11,November,Nov 2013,25,Monday,False
2013-11-26,2013,2013Q4,11,November,Nov 2013,26,Tuesday,False
2013-11-27,2013,2013Q4,11,November,Nov 2013,27,Wednesday,False
2013-11-28,2013,2013Q4,11,November,Nov 2013,28,Thursday,False
2013-11-29,2013,2013Q4,11,November,Nov 2013,29,Friday,False
2013-11-30,2013,2013Q4,11,November,Nov 2013,30,Saturday,True
2013-12-01,2013,2013Q4,12,December,Dec 2013,1,Sunday,True
2013-12-02,2013,2013Q4,12,December,Dec 2013,2,Monday,False
2013-12-03,2013,2013Q4,12,December,Dec 2013,3,Tuesday,False
2013-12-04,2013,2013Q4,12,December,Dec 2013,4,Wednesday,False
2013-12-05,2013,2013Q4,12,December,Dec 2013,5,Thursday,False
2013-12-06,2013,2013Q4,12,December,Dec 2013,6,Friday,False
2013-12-07,2013,2013Q4,12,December,Dec 2013,7,Saturday,True
2013-12-08,2013,2013Q4,12,December,Dec 2013,8,Sunday,True
2013-12-09,2013,2013Q4,12,December,Dec 2013,9,Monday,False
2013-12-10,2013,2013Q4,12,December,Dec 2013,10,Tuesday,False
2013-12-11,2013,2013Q4,12,December,Dec 2013,11,Wednesday,False
2013-12-12,2013,2013Q4,12,December,Dec 2013,12,Thursday,False
2013-12-13,2013,2013Q4,12,December,Dec 2013,13,Friday,False
2013-12-14,2013,2013Q4,12,December,Dec 2013,14,Saturday,True
2013-12-15,2013,2013Q4,12,December,Dec 2013,15,Sunday,True
2013-12-16,2013,2013Q4,12,December,Dec 2013,16,Monday,False
2013-12-17,2013,2013Q4,12,December,Dec 2013,17,Tuesday,False
2013-12-18,2013,2013Q4,12,December,Dec 2013,18,Wednesday,False
2013-12-19,2013,2013Q4,12,December,Dec 2013,19,Thursday,False
2013-12-20,2013,2013Q4,12,December,Dec 2013,20,Friday,False
2013-12-21,2013,2013Q4,12,December,Dec 2013,21,Saturday,True
2013-12-22,2013,2013Q4,12,December,Dec 2013,22,Sunday,True
2013-12-23,2013,2013Q4,12,December,Dec 2013,23,Monday,False
2013-12-24,2013,2013Q4,12,December,Dec 2013,24,Tuesday,False
2013-12-25,2013,2013Q4,12,December,Dec 2013,25,Wednesday,False
2013-12-26,2013,2013Q4,12,December,Dec 2013,26,Thursday,False
2013-12-27,2013,2013Q4,12,December,Dec 2013,27,Friday,False
2013-12-28,2013,2013Q4,12,December,Dec 2013,28,Saturday,True
2013-12-29,2013,2013Q4,12,December,Dec 2013,29,Sunday,True
2013-12-30,2013,2013Q4,12,December,Dec 2013,30,Monday,False
2013-12-31,2013,2013Q4,12,December,Dec 2013,31,Tuesday,False
2014-01-01,2014,2014Q1,1,January,Jan 2014,1,Wednesday,False
2014-01-02,2014,2014Q1,1,January,Jan 2014,2,Thursday,False
2014-01-03,2014,2014Q1,1,January,Jan 2014,3,Friday,False
2014-01-04,2014,2014Q1,1,January,Jan 2014,4,Saturday,True
2014-01-05,2014,2014Q1,1,January,Jan 2014,5,Sunday,True
2014-01-06,2014,2014Q1,1,January,Jan 2014,6,Monday,False
2014-01-07,2014,2014Q1,1,January,Jan 2014,7,Tuesday,False
2014-01-08,2014,2014Q1,1,January,Jan 2014,8,Wednesday,False
2014-01-09,2014,2014Q1,1,January,Jan 2014,9,Thursday,False
2014-01-10,2014,2014Q1,1,January,Jan 2014,10,Friday,False
2014-01-11,2014,2014Q1,1,January,Jan 2014,11,Saturday,True
2014-01-12,2014,2014Q1,1,January,Jan 2014,12,Sunday,True
2014-01-13,2014,2014Q1,1,January,Jan 2014,13,Monday,False
2014-01-14,2014,2014Q1,1,January,Jan 2014,14,Tuesday,False
2014-01-15,2014,2014Q1,1,January,Jan 2014,15,Wednesday,False
2014-01-16,2014,2014Q1,1,January,Jan 2014,16,Thursday,False
2014-01-17,2014,2014Q1,1,January,Jan 2014,17,Friday,False
2014-01-18,2014,2014Q1,1,January,Jan 2014,18,Saturday,True
2014-01-19,2014,2014Q1,1,January,Jan 2014,19,Sunday,True
2014-01-20,2014,2014Q1,1,January,Jan 2014,20,Monday,False
2014-01-21,2014,2014Q1,1,January,Jan 2014,21,Tuesday,False
2014-01-22,2014,2014Q1,1,January,Jan 2014,22,Wednesday,False
2014-01-23,2014,2014Q1,1,January,Jan 2014,23,Thursday,False
2014-01-24,2014,2014Q1,1,January,Jan 2014,24,Friday,False
2014-01-25,2014,2014Q1,1,January,Jan 2014,25,Saturday,True
2014-01-26,2014,2014Q1,1,January,Jan 2014,26,Sunday,True
2014-01-27,2014,2014Q1,1,January,Jan 2014,27,Monday,False
2014-01-28,2014,2014Q1,1,January,Jan 2014,28,Tuesday,False
2014-01-29,2014,2014Q1,1,January,Jan 2014,29,Wednesday,False
2014-01-30,2014,2014Q1,1,January,Jan 2014,30,Thursday,False
2014-01-31,2014,2014Q1,1,January,Jan 2014,31,Friday,False
2014-02-01,2014,2014Q1,2,February,Feb 2014,1,Saturday,True
2014-02-02,2014,2014Q1,2,February,Feb 2014,2,Sunday,True
2014-02-03,2014,2014Q1,2,February,Feb 2014,3,Monday,False
2014-02-04,2014,2014Q1,2,February,Feb 2014,4,Tuesday,False
2014-02-05,2014,2014Q1,2,February,Feb 2014,5,Wednesday,False
2014-02-06,2014,2014Q1,2,February,Feb 2014,6,Thursday,False
2014-02-07,2014,2014Q1,2,February,Feb 2014,7,Friday,False
2014-02-08,2014,2014Q1,2,February,Feb 2014,8,Saturday,True
2014-02-09,2014,2014Q1,2,February,Feb 2014,9,Sunday,True
2014-02-10,2014,2014Q1,2,February,Feb 2014,10,Monday,False
2014-02-11,2014,2014Q1,2,February,Feb 2014,11,Tuesday,False
2014-02-12,2014,2014Q1,2,February,Feb 2014,12,Wednesday,False
2014-02-13,2014,2014Q1,2,February,Feb 2014,13,Thursday,False
2014-02-14,2014,2014Q1,2,February,Feb 2014,14,Friday,False
2014-02-15,2014,2014Q1,2,February,Feb 2014,15,Saturday,True
2014-02-16,2014,2014Q1,2,February,Feb 2014,16,Sunday,True
2014-02-17,2014,2014Q1,2,February,Feb 2014,17,Monday,False
2014-02-18,2014,2014Q1,2,February,Feb 2014,18,Tuesday,False
2014-02-19,2014,2014Q1,2,February,Feb 2014,19,Wednesday,False
2014-02-20,2014,2014Q1,2,February,Feb 2014,20,Thursday,False
2014-02-21,2014,2014Q1,2,February,Feb 2014,21,Friday,False
2014-02-22,2014,2014Q1,2,February,Feb 2014,22,Saturday,True
2014-02-23,2014,2014Q1,2,February,Feb 2014,23,Sunday,True
2014-02-24,2014,2014Q1,2,February,Feb 2014,24,Monday,False
2014-02-25,2014,2014Q1,2,February,Feb 2014,25,Tuesday,False
2014-02-26,2014,2014Q1,2,February,Feb 2014,26,Wednesday,False
2014-02-27,2014,2014Q1,2,February,Feb 2014,27,Thursday,False
2014-02-28,2014,2014Q1,2,February,Feb 2014,28,Friday,False
2014-03-01,2014,2014Q1,3,March,Mar 2014,1,Saturday,True
2014-03-02,2014,2014Q1,3,March,Mar 2014,2,Sunday,True
2014-03-03,2014,2014Q1,3,March,Mar 2014,3,Monday,False
2014-03-04,2014,2014Q1,3,March,Mar 2014,4,Tuesday,False
2014-03-05,2014,2014Q1,3,March,Mar 2014,5,Wednesday,False
2014-03-06,2014,2014Q1,3,March,Mar 2014,6,Thursday,False
2014-03-07,2014,2014Q1,3,March,Mar 2014,7,Friday,False
2014-03-08,2014,2014Q1,3,March,Mar 2014,8,Saturday,True
2014-03-09,2014,2014Q1,3,March,Mar 2014,9,Sunday,True
2014-03-10,2014,2014Q1,3,March,Mar 2014,10,Monday,False
2014-03-11,2014,2014Q1,3,March,Mar 2014,11,Tuesday,False
2014-03-12,2014,2014Q1,3,March,Mar 2014,12,Wednesday,False
2014-03-13,2014,2014Q1,3,March,Mar 2014,13,Thursday,False
2014-03-14,2014,2014Q1,3,March,Mar 2014,14,Friday,False
2014-03-15,2014,2014Q1,3,March,Mar 2014,15,Saturday,True
2014-03-16,2014,2014Q1,3,March,Mar 2014,16,Sunday,True
2014-03-17,2014,2014Q1,3,March,Mar 2014,17,Monday,False
2014-03-18,2014,2014Q1,3,March,Mar 2014,18,Tuesday,False
2014-03-19,2014,2014Q1,3,March,Mar 2014,19,Wednesday,False
2014-03-20,2014,2014Q1,3,March,Mar 2014,20,Thursday,False
2014-03-21,2014,2014Q1,3,March,Mar 2014,21,Friday,False
2014-03-22,2014,2014Q1,3,March,Mar 2014,22,Saturday,True
2014-03-23,2014,2014Q1,3,March,Mar 2014,23,Sunday,True
2014-03-24,2014,2014Q1,3,March,Mar 2014,24,Monday,False
2014-03-25,2014,2014Q1,3,March,Mar 2014,25,Tuesday,False
2014-03-26,2014,2014Q1,3,March,Mar 2014,26,Wednesday,False
2014-03-27,2014,2014Q1,3,March,Mar 2014,27,Thursday,False
2014-03-28,2014,2014Q1,3,March,Mar 2014,28,Friday,False
2014-03-29,2014,2014Q1,3,March,Mar 2014,29,Saturday,True
2014-03-30,2014,2014Q1,3,March,Mar 2014,30,Sunday,True
2014-03-31,2014,2014Q1,3,March,Mar 2014,31,Monday,False
2014-04-01,2014,2014Q2,4,April,Apr 2014,1,Tuesday,False
2014-04-02,2014,2014Q2,4,April,Apr 2014,2,Wednesday,False
2014-04-03,2014,2014Q2,4,April,Apr 2014,3,Thursday,False
2014-04-04,2014,2014Q2,4,April,Apr 2014,4,Friday,False
2014-04-05,2014,2014Q2,4,April,Apr 2014,5,Saturday,True
2014-04-06,2014,2014Q2,4,April,Apr 2014,6,Sunday,True
2014-04-07,2014,2014Q2,4,April,Apr 2014,7,Monday,False
2014-04-08,2014,2014Q2,4,April,Apr 2014,8,Tuesday,False
2014-04-09,2014,2014Q2,4,April,Apr 2014,9,Wednesday,False
2014-04-10,2014,2014Q2,4,April,Apr 2014,10,Thursday,False
2014-04-11,2014,2014Q2,4,April,Apr 2014,11,Friday,False
2014-04-12,2014,2014Q2,4,April,Apr 2014,12,Saturday,True
2014-04-13,2014,2014Q2,4,April,Apr 2014,13,Sunday,True
2014-04-14,2014,2014Q2,4,April,Apr 2014,14,Monday,False
2014-04-15,2014,2014Q2,4,April,Apr 2014,15,Tuesday,False
2014-04-16,2014,2014Q2,4,April,Apr 2014,16,Wednesday,False
2014-04-17,2014,2014Q2,4,April,Apr 2014,17,Thursday,False
2014-04-18,2014,2014Q2,4,April,Apr 2014,18,Friday,False
2014-04-19,2014,2014Q2,4,April,Apr 2014,19,Saturday,True
2014-04-20,2014,2014Q2,4,April,Apr 2014,20,Sunday,True
2014-04-21,2014,2014Q2,4,April,Apr 2014,21,Monday,False
2014-04-22,2014,2014Q2,4,April,Apr 2014,22,Tuesday,False
2014-04-23,2014,2014Q2,4,April,Apr 2014,23,Wednesday,False
2014-04-24,2014,2014Q2,4,April,Apr 2014,24,Thursday,False
2014-04-25,2014,2014Q2,4,April,Apr 2014,25,Friday,False
2014-04-26,2014,2014Q2,4,April,Apr 2014,26,Saturday,True
2014-04-27,2014,2014Q2,4,April,Apr 2014,27,Sunday,True
2014-04-28,2014,2014Q2,4,April,Apr 2014,28,Monday,False
2014-04-29,2014,2014Q2,4,April,Apr 2014,29,Tuesday,False
2014-04-30,2014,2014Q2,4,April,Apr 2014,30,Wednesday,False
2014-05-01,2014,2014Q2,5,May,May 2014,1,Thursday,False
2014-05-02,2014,2014Q2,5,May,May 2014,2,Friday,False
2014-05-03,2014,2014Q2,5,May,May 2014,3,Saturday,True
2014-05-04,2014,2014Q2,5,May,May 2014,4,Sunday,True
2014-05-05,2014,2014Q2,5,May,May 2014,5,Monday,False
2014-05-06,2014,2014Q2,5,May,May 2014,6,Tuesday,False
2014-05-07,2014,2014Q2,5,May,May 2014,7,Wednesday,False
2014-05-08,2014,2014Q2,5,May,May 2014,8,Thursday,False
2014-05-09,2014,2014Q2,5,May,May 2014,9,Friday,False
2014-05-10,2014,2014Q2,5,May,May 2014,10,Saturday,True
2014-05-11,2014,2014Q2,5,May,May 2014,11,Sunday,True
2014-05-12,2014,2014Q2,5,May,May 2014,12,Monday,False
2014-05-13,2014,2014Q2,5,May,May 2014,13,Tuesday,False
2014-05-14,2014,2014Q2,5,May,May 2014,14,Wednesday,False
2014-05-15,2014,2014Q2,5,May,May 2014,15,Thursday,False
2014-05-16,2014,2014Q2,5,May,May 2014,16,Friday,False
2014-05-17,2014,2014Q2,5,May,May 2014,17,Saturday,True
2014-05-18,2014,2014Q2,5,May,May 2014,18,Sunday,True
2014-05-19,2014,2014Q2,5,May,May 2014,19,Monday,False
2014-05-20,2014,2014Q2,5,May,May 2014,20,Tuesday,False
2014-05-21,2014,2014Q2,5,May,May 2014,21,Wednesday,False
2014-05-22,2014,2014Q2,5,May,May 2014,22,Thursday,False
2014-05-23,2014,2014Q2,5,May,May 2014,23,Friday,False
2014-05-24,2014,2014Q2,5,May,May 2014,24,Saturday,True
2014-05-25,2014,2014Q2,5,May,May 2014,25,Sunday,True
2014-05-26,2014,2014Q2,5,May,May 2014,26,Monday,False
2014-05-27,2014,2014Q2,5,May,May 2014,27,Tuesday,False
2014-05-28,2014,2014Q2,5,May,May 2014,28,Wednesday,False
2014-05-29,2014,2014Q2,5,May,May 2014,29,Thursday,False
2014-05-30,2014,2014Q2,5,May,May 2014,30,Friday,False
2014-05-31,2014,2014Q2,5,May,May 2014,31,Saturday,True
2014-06-01,2014,2014Q2,6,June,Jun 2014,1,Sunday,True
2014-06-02,2014,2014Q2,6,June,Jun 2014,2,Monday,False
2014-06-03,2014,2014Q2,6,June,Jun 2014,3,Tuesday,False
2014-06-04,2014,2014Q2,6,June,Jun 2014,4,Wednesday,False
2014-06-05,2014,2014Q2,6,June,Jun 2014,5,Thursday,False
2014-06-06,2014,2014Q2,6,June,Jun 2014,6,Friday,False
2014-06-07,2014,2014Q2,6,June,Jun 2014,7,Saturday,True
2014-06-08,2014,2014Q2,6,June,Jun 2014,8,Sunday,True
2014-06-09,2014,2014Q2,6,June,Jun 2014,9,Monday,False
2014-06-10,2014,2014Q2,6,June,Jun 2014,10,Tuesday,False
2014-06-11,2014,2014Q2,6,June,Jun 2014,11,Wednesday,False
2014-06-12,2014,2014Q2,6,June,Jun 2014,12,Thursday,False
2014-06-13,2014,2014Q2,6,June,Jun 2014,13,Friday,False
2014-06-14,2014,2014Q2,6,June,Jun 2014,14,Saturday,True
2014-06-15,2014,2014Q2,6,June,Jun 2014,15,Sunday,True
2014-06-16,2014,2014Q2,6,June,Jun 2014,16,Monday,False
2014-06-17,2014,2014Q2,6,June,Jun 2014,17,Tuesday,False
2014-06-18,2014,2014Q2,6,June,Jun 2014,18,Wednesday,False
2014-06-19,2014,2014Q2,6,June,Jun 2014,19,Thursday,False
2014-06-20,2014,2014Q2,6,June,Jun 2014,20,Friday,False
2014-06-21,2014,2014Q2,6,June,Jun 2014,21,Saturday,True
2014-06-22,2014,2014Q2,6,June,Jun 2014,22,Sunday,True
2014-06-23,2014,2014Q2,6,June,Jun 2014,23,Monday,False
2014-06-24,2014,2014Q2,6,June,Jun 2014,24,Tuesday,False
2014-06-25,2014,2014Q2,6,June,Jun 2014,25,Wednesday,False
2014-06-26,2014,2014Q2,6,June,Jun 2014,26,Thursday,False
2014-06-27,2014,2014Q2,6,June,Jun 2014,27,Friday,False
2014-06-28,2014,2014Q2,6,June,Jun 2014,28,Saturday,True
2014-06-29,2014,2014Q2,6,June,Jun 2014,29,Sunday,True
2014-06-30,2014,2014Q2,6,June,Jun 2014,30,Monday,False
2014-07-01,2014,2014Q3,7,July,Jul 2014,1,Tuesday,False
2014-07-02,2014,2014Q3,7,July,Jul 2014,2,Wednesday,False
2014-07-03,2014,2014Q3,7,July,Jul 2014,3,Thursday,False
2014-07-04,2014,2014Q3,7,July,Jul 2014,4,Friday,False
2014-07-05,2014,2014Q3,7,July,Jul 2014,5,Saturday,True
2014-07-06,2014,2014Q3,7,July,Jul 2014,6,Sunday,True
2014-07-07,2014,2014Q3,7,July,Jul 2014,7,Monday,False
2014-07-08,2014,2014Q3,7,July,Jul 2014,8,Tuesday,False
2014-07-09,2014,2014Q3,7,July,Jul 2014,9,Wednesday,False
2014-07-10,2014,2014Q3,7,July,Jul 2014,10,Thursday,False
2014-07-11,2014,2014Q3,7,July,Jul 2014,11,Friday,False
2014-07-12,2014,2014Q3,7,July,Jul 2014,12,Saturday,True
2014-07-13,2014,2014Q3,7,July,Jul 2014,13,Sunday,True
2014-07-14,2014,2014Q3,7,July,Jul 2014,14,Monday,False
2014-07-15,2014,2014Q3,7,July,Jul 2014,15,Tuesday,False
2014-07-16,2014,2014Q3,7,July,Jul 2014,16,Wednesday,False
2014-07-17,2014,2014Q3,7,July,Jul 2014,17,Thursday,False
2014-07-18,2014,2014Q3,7,July,Jul 2014,18,Friday,False
2014-07-19,2014,2014Q3,7,July,Jul 2014,19,Saturday,True
2014-07-20,2014,2014Q3,7,July,Jul 2014,20,Sunday,True
2014-07-21,2014,2014Q3,7,July,Jul 2014,21,Monday,False
2014-07-22,2014,2014Q3,7,July,Jul 2014,22,Tuesday,False
2014-07-23,2014,2014Q3,7,July,Jul 2014,23,Wednesday,False
2014-07-24,2014,2014Q3,7,July,Jul 2014,24,Thursday,False
2014-07-25,2014,2014Q3,7,July,Jul 2014,25,Friday,False
2014-07-26,2014,2014Q3,7,July,Jul 2014,26,Saturday,True
2014-07-27,2014,2014Q3,7,July,Jul 2014,27,Sunday,True
2014-07-28,2014,2014Q3,7,July,Jul 2014,28,Monday,False
2014-07-29,2014,2014Q3,7,July,Jul 2014,29,Tuesday,False
2014-07-30,2014,2014Q3,7,July,Jul 2014,30,Wednesday,False
2014-07-31,2014,2014Q3,7,July,Jul 2014,31,Thursday,False
2014-08-01,2014,2014Q3,8,August,Aug 2014,1,Friday,False
2014-08-02,2014,2014Q3,8,August,Aug 2014,2,Saturday,True
2014-08-03,2014,2014Q3,8,August,Aug 2014,3,Sunday,True
2014-08-04,2014,2014Q3,8,August,Aug 2014,4,Monday,False
2014-08-05,2014,2014Q3,8,August,Aug 2014,5,Tuesday,False
2014-08-06,2014,2014Q3,8,August,Aug 2014,6,Wednesday,False
2014-08-07,2014,2014Q3,8,August,Aug 2014,7,Thursday,False
2014-08-08,2014,2014Q3,8,August,Aug 2014,8,Friday,False
2014-08-09,2014,2014Q3,8,August,Aug 2014,9,Saturday,True
2014-08-10,2014,2014Q3,8,August,Aug 2014,10,Sunday,True
2014-08-11,2014,2014Q3,8,August,Aug 2014,11,Monday,False
2014-08-12,2014,2014Q3,8,August,Aug 2014,12,Tuesday,False
2014-08-13,2014,2014Q3,8,August,Aug 2014,13,Wednesday,False
2014-08-14,2014,2014Q3,8,August,Aug 2014,14,Thursday,False
2014-08-15,2014,2014Q3,8,August,Aug 2014,15,Friday,False
2014-08-16,2014,2014Q3,8,August,Aug 2014,16,Saturday,True
2014-08-17,2014,2014Q3,8,August,Aug 2014,17,Sunday,True
2014-08-18,2014,2014Q3,8,August,Aug 2014,18,Monday,False
2014-08-19,2014,2014Q3,8,August,Aug 2014,19,Tuesday,False
2014-08-20,2014,2014Q3,8,August,Aug 2014,20,Wednesday,False
2014-08-21,2014,2014Q3,8,August,Aug 2014,21,Thursday,False
2014-08-22,2014,2014Q3,8,August,Aug 2014,22,Friday,False
2014-08-23,2014,2014Q3,8,August,Aug 2014,23,Saturday,True
2014-08-24,2014,2014Q3,8,August,Aug 2014,24,Sunday,True
2014-08-25,2014,2014Q3,8,August,Aug 2014,25,Monday,False
2014-08-26,2014,2014Q3,8,August,Aug 2014,26,Tuesday,False
2014-08-27,2014,2014Q3,8,August,Aug 2014,27,Wednesday,False
2014-08-28,2014,2014Q3,8,August,Aug 2014,28,Thursday,False
2014-08-29,2014,2014Q3,8,August,Aug 2014,29,Friday,False
2014-08-30,2014,2014Q3,8,August,Aug 2014,30,Saturday,True
2014-08-31,2014,2014Q3,8,August,Aug 2014,31,Sunday,True
2014-09-01,2014,2014Q3,9,September,Sep 2014,1,Monday,False
2014-09-02,2014,2014Q3,9,September,Sep 2014,2,Tuesday,False
2014-09-03,2014,2014Q3,9,September,Sep 2014,3,Wednesday,False
2014-09-04,2014,2014Q3,9,September,Sep 2014,4,Thursday,False
2014-09-05,2014,2014Q3,9,September,Sep 2014,5,Friday,False
2014-09-06,2014,2014Q3,9,September,Sep 2014,6,Saturday,True
2014-09-07,2014,2014Q3,9,September,Sep 2014,7,Sunday,True
2014-09-08,2014,2014Q3,9,September,Sep 2014,8,Monday,False
2014-09-09,2014,2014Q3,9,September,Sep 2014,9,Tuesday,False
2014-09-10,2014,2014Q3,9,September,Sep 2014,10,Wednesday,False
2014-09-11,2014,2014Q3,9,September,Sep 2014,11,Thursday,False
2014-09-12,2014,2014Q3,9,September,Sep 2014,12,Friday,False
2014-09-13,2014,2014Q3,9,September,Sep 2014,13,Saturday,True
2014-09-14,2014,2014Q3,9,September,Sep 2014,14,Sunday,True
2014-09-15,2014,2014Q3,9,September,Sep 2014,15,Monday,False
2014-09-16,2014,2014Q3,9,September,Sep 2014,16,Tuesday,False
2014-09-17,2014,2014Q3,9,September,Sep 2014,17,Wednesday,False
2014-09-18,2014,2014Q3,9,September,Sep 2014,18,Thursday,False
2014-09-19,2014,2014Q3,9,September,Sep 2014,19,Friday,False
2014-09-20,2014,2014Q3,9,September,Sep 2014,20,Saturday,True
2014-09-21,2014,2014Q3,9,September,Sep 2014,21,Sunday,True
2014-09-22,2014,2014Q3,9,September,Sep 2014,22,Monday,False
2014-09-23,2014,2014Q3,9,September,Sep 2014,23,Tuesday,False
2014-09-24,2014,2014Q3,9,September,Sep 2014,24,Wednesday,False
2014-09-25,2014,2014Q3,9,September,Sep 2014,25,Thursday,False
2014-09-26,2014,2014Q3,9,September,Sep 2014,26,Friday,False
2014-09-27,2014,2014Q3,9,September,Sep 2014,27,Saturday,True
2014-09-28,2014,2014Q3,9,September,Sep 2014,28,Sunday,True
2014-09-29,2014,2014Q3,9,September,Sep 2014,29,Monday,False
2014-09-30,2014,2014Q3,9,September,Sep 2014,30,Tuesday,False
2014-10-01,2014,2014Q4,10,October,Oct 2014,1,Wednesday,False
2014-10-02,2014,2014Q4,10,October,Oct 2014,2,Thursday,False
2014-10-03,2014,2014Q4,10,October,Oct 2014,3,Friday,False
2014-10-04,2014,2014Q4,10,October,Oct 2014,4,Saturday,True
2014-10-05,2014,2014Q4,10,October,Oct 2014,5,Sunday,True
2014-10-06,2014,2014Q4,10,October,Oct 2014,6,Monday,False
2014-10-07,2014,2014Q4,10,October,Oct 2014,7,Tuesday,False
2014-10-08,2014,2014Q4,10,October,Oct 2014,8,Wednesday,False
2014-10-09,2014,2014Q4,10,October,Oct 2014,9,Thursday,False
2014-10-10,2014,2014Q4,10,October,Oct 2014,10,Friday,False
2014-10-11,2014,2014Q4,10,October,Oct 2014,11,Saturday,True
2014-10-12,2014,2014Q4,10,October,Oct 2014,12,Sunday,True
2014-10-13,2014,2014Q4,10,October,Oct 2014,13,Monday,False
2014-10-14,2014,2014Q4,10,October,Oct 2014,14,Tuesday,False
2014-10-15,2014,2014Q4,10,October,Oct 2014,15,Wednesday,False
2014-10-16,2014,2014Q4,10,October,Oct 2014,16,Thursday,False
2014-10-17,2014,2014Q4,10,October,Oct 2014,17,Friday,False
2014-10-18,2014,2014Q4,10,October,Oct 2014,18,Saturday,True
2014-10-19,2014,2014Q4,10,October,Oct 2014,19,Sunday,True
2014-10-20,2014,2014Q4,10,October,Oct 2014,20,Monday,False
2014-10-21,2014,2014Q4,10,October,Oct 2014,21,Tuesday,False
2014-10-22,2014,2014Q4,10,October,Oct 2014,22,Wednesday,False
2014-10-23,2014,2014Q4,10,October,Oct 2014,23,Thursday,False
2014-10-24,2014,2014Q4,10,October,Oct 2014,24,Friday,False
2014-10-25,2014,2014Q4,10,October,Oct 2014,25,Saturday,True
2014-10-26,2014,2014Q4,10,October,Oct 2014,26,Sunday,True
2014-10-27,2014,2014Q4,10,October,Oct 2014,27,Monday,False
2014-10-28,2014,2014Q4,10,October,Oct 2014,28,Tuesday,False
2014-10-29,2014,2014Q4,10,October,Oct 2014,29,Wednesday,False
2014-10-30,2014,2014Q4,10,October,Oct 2014,30,Thursday,False
2014-10-31,2014,2014Q4,10,October,Oct 2014,31,Friday,False
2014-11-01,2014,2014Q4,11,November,Nov 2014,1,Saturday,True
2014-11-02,2014,2014Q4,11,November,Nov 2014,2,Sunday,True
2014-11-03,2014,2014Q4,11,November,Nov 2014,3,Monday,False
2014-11-04,2014,2014Q4,11,November,Nov 2014,4,Tuesday,False
2014-11-05,2014,2014Q4,11,November,Nov 2014,5,Wednesday,False
2014-11-06,2014,2014Q4,11,November,Nov 2014,6,Thursday,False
2014-11-07,2014,2014Q4,11,November,Nov 2014,7,Friday,False
2014-11-08,2014,2014Q4,11,November,Nov 2014,8,Saturday,True
2014-11-09,2014,2014Q4,11,November,Nov 2014,9,Sunday,True
2014-11-10,2014,2014Q4,11,November,Nov 2014,10,Monday,False
2014-11-11,2014,2014Q4,11,November,Nov 2014,11,Tuesday,False
2014-11-12,2014,2014Q4,11,November,Nov 2014,12,Wednesday,False
2014-11-13,2014,2014Q4,11,November,Nov 2014,13,Thursday,False
2014-11-14,2014,2014Q4,11,November,Nov 2014,14,Friday,False
2014-11-15,2014,2014Q4,11,November,Nov 2014,15,Saturday,True
2014-11-16,2014,2014Q4,11,November,Nov 2014,16,Sunday,True
2014-11-17,2014,2014Q4,11,November,Nov 2014,17,Monday,False
2014-11-18,2014,2014Q4,11,November,Nov 2014,18,Tuesday,False
2014-11-19,2014,2014Q4,11,November,Nov 2014,19,Wednesday,False
2014-11-20,2014,2014Q4,11,November,Nov 2014,20,Thursday,False
2014-11-21,2014,2014Q4,11,November,Nov 2014,21,Friday,False
2014-11-22,2014,2014Q4,11,November,Nov 2014,22,Saturday,True
2014-11-23,2014,2014Q4,11,November,Nov 2014,23,Sunday,True
2014-11-24,2014,2014Q4,11,November,Nov 2014,24,Monday,False
2014-11-25,2014,2014Q4,11,November,Nov 2014,25,Tuesday,False
2014-11-26,2014,2014Q4,11,November,Nov 2014,26,Wednesday,False
2014-11-27,2014,2014Q4,11,November,Nov 2014,27,Thursday,False
2014-11-28,2014,2014Q4,11,November,Nov 2014,28,Friday,False
2014-11-29,2014,2014Q4,11,November,Nov 2014,29,Saturday,True
2014-11-30,2014,2014Q4,11,November,Nov 2014,30,Sunday,True
2014-12-01,2014,2014Q4,12,December,Dec 2014,1,Monday,False
2014-12-02,2014,2014Q4,12,December,Dec 2014,2,Tuesday,False
2014-12-03,2014,2014Q4,12,December,Dec 2014,3,Wednesday,False
2014-12-04,2014,2014Q4,12,December,Dec 2014,4,Thursday,False
2014-12-05,2014,2014Q4,12,December,Dec 2014,5,Friday,False
2014-12-06,2014,2014Q4,12,December,Dec 2014,6,Saturday,True
2014-12-07,2014,2014Q4,12,December,Dec 2014,7,Sunday,True
2014-12-08,2014,2014Q4,12,December,Dec 2014,8,Monday,False
2014-12-09,2014,2014Q4,12,December,Dec 2014,9,Tuesday,False
2014-12-10,2014,2014Q4,12,December,Dec 2014,10,Wednesday,False
2014-12-11,2014,2014Q4,12,December,Dec 2014,11,Thursday,False
2014-12-12,2014,2014Q4,12,December,Dec 2014,12,Friday,False
2014-12-13,2014,2014Q4,12,December,Dec 2014,13,Saturday,True
2014-12-14,2014,2014Q4,12,December,Dec 2014,14,Sunday,True
2014-12-15,2014,2014Q4,12,December,Dec 2014,15,Monday,False
2014-12-16,2014,2014Q4,12,December,Dec 2014,16,Tuesday,False
2014-12-17,2014,2014Q4,12,December,Dec 2014,17,Wednesday,False
2014-12-18,2014,2014Q4,12,December,Dec 2014,18,Thursday,False
2014-12-19,2014,2014Q4,12,December,Dec 2014,19,Friday,False
2014-12-20,2014,2014Q4,12,December,Dec 2014,20,Saturday,True
2014-12-21,2014,2014Q4,12,December,Dec 2014,21,Sunday,True
2014-12-22,2014,2014Q4,12,December,Dec 2014,22,Monday,False
2014-12-23,2014,2014Q4,12,December,Dec 2014,23,Tuesday,False
2014-12-24,2014,2014Q4,12,December,Dec 2014,24,Wednesday,False
2014-12-25,2014,2014Q4,12,December,Dec 2014,25,Thursday,False
2014-12-26,2014,2014Q4,12,December,Dec 2014,26,Friday,False
2014-12-27,2014,2014Q4,12,December,Dec 2014,27,Saturday,True
2014-12-28,2014,2014Q4,12,December,Dec 2014,28,Sunday,True
2014-12-29,2014,2014Q4,12,December,Dec 2014,29,Monday,False
2014-12-30,2014,2014Q4,12,December,Dec 2014,30,Tuesday,False
2014-12-31,2014,2014Q4,12,December,Dec 2014,31,Wednesday,False
